HEAD_DIM,NUM_Q_HEADS,NUM_KV_HEADS,WINDOW,BF16,PAGE_SIZE,MIN_QUERY_LEN,WAVES,KEY_TILE,HEAD_DIM_SPLIT,V_T,DOUBLE_BUFFER,KEY_WAVES,MAX_SEGMENTS,HEAD_GROUP
64,14,2,0,0,16,128,4,64,1,0,0,1,16,8
64,14,2,0,0,16,512,8,64,1,0,0,2,8,4
64,14,2,0,0,16,1024,8,64,1,1,0,1,8,4
64,14,2,0,1,16,128,4,64,1,0,0,1,16,8
64,14,2,0,1,16,512,8,64,1,0,0,2,8,4
64,14,2,0,1,16,1024,8,64,1,1,0,1,8,4
64,16,2,0,0,16,128,8,64,1,1,0,1,16,8
64,16,2,0,0,16,256,8,32,1,1,0,1,16,8
64,16,2,0,0,16,512,8,64,1,0,0,2,16,8
64,16,2,0,0,16,1024,8,64,1,1,0,1,8,4
64,16,2,0,0,16,2048,4,64,1,0,0,1,8,8
64,16,2,0,0,16,4096,8,64,1,1,0,1,16,8
64,16,2,0,1,16,128,8,64,1,1,0,1,16,8
64,16,2,0,1,16,256,8,32,1,1,0,1,16,8
64,16,2,0,1,16,512,8,64,1,0,0,2,16,8
64,16,2,0,1,16,1024,8,64,1,1,0,1,8,4
64,16,2,0,1,16,2048,4,64,1,0,0,1,8,8
64,16,2,0,1,16,4096,8,64,1,1,0,1,16,8
64,32,8,0,0,16,128,4,32,1,0,0,2,16,8
64,32,8,0,0,16,256,4,32,1,0,0,1,16,8
64,32,8,0,0,16,512,4,64,1,1,0,1,16,8
64,32,8,0,0,16,1024,4,64,1,0,0,1,16,8
64,32,8,0,0,16,2048,8,32,1,0,0,1,8,8
64,32,8,0,0,16,4096,8,64,1,1,0,1,8,8
64,32,8,0,1,16,128,4,32,1,0,0,2,16,8
64,32,8,0,1,16,256,4,32,1,0,0,1,16,8
64,32,8,0,1,16,512,4,64,1,1,0,1,16,8
64,32,8,0,1,16,1024,4,64,1,0,0,1,16,8
64,32,8,0,1,16,2048,8,32,1,0,0,1,8,8
64,32,8,0,1,16,4096,8,64,1,1,0,1,8,8
64,32,32,0,0,16,128,2,32,1,0,0,1,8,4
64,32,32,0,0,16,256,4,32,1,0,0,1,8,8
64,32,32,0,0,16,1024,8,64,1,0,0,1,8,8
64,32,32,0,0,16,2048,8,32,1,0,0,1,8,8
64,32,32,0,0,16,4096,8,64,1,1,0,1,16,8
64,32,32,0,1,16,128,2,32,1,0,0,1,8,4
64,32,32,0,1,16,256,4,32,1,0,0,1,8,8
64,32,32,0,1,16,1024,8,64,1,0,0,1,8,8
64,32,32,0,1,16,2048,8,32,1,0,0,1,8,8
64,32,32,0,1,16,4096,8,64,1,1,0,1,16,8
96,32,32,0,0,16,128,2,16,1,0,0,1,8,4
96,32,32,0,0,16,256,4,32,1,1,0,1,16,8
96,32,32,0,0,16,512,4,32,1,0,0,1,8,8
96,32,32,0,0,16,1024,8,64,1,1,0,1,16,4
96,32,32,0,1,16,128,2,16,1,0,0,1,8,4
96,32,32,0,1,16,256,4,32,1,1,0,1,16,8
96,32,32,0,1,16,512,4,32,1,0,0,1,8,8
96,32,32,0,1,16,1024,8,64,1,1,0,1,16,4
128,10,10,0,0,16,128,8,32,1,1,0,2,8,8
128,10,10,0,0,16,256,4,32,1,0,0,2,8,4
128,10,10,0,0,16,512,4,32,1,0,0,1,8,4
128,10,10,0,0,16,1024,8,64,1,0,0,1,8,8
128,10,10,0,0,16,4096,8,64,1,1,0,1,16,8
128,10,10,0,1,16,128,8,32,1,1,0,2,8,8
128,10,10,0,1,16,256,4,32,1,0,0,2,8,4
128,10,10,0,1,16,512,4,32,1,0,0,1,8,4
128,10,10,0,1,16,1024,8,64,1,0,0,1,8,8
128,10,10,0,1,16,4096,8,64,1,1,0,1,16,8
128,16,2,0,0,16,128,4,32,1,0,0,1,8,8
128,16,2,0,0,16,256,4,64,1,1,0,1,8,8
128,16,2,0,0,16,512,4,32,1,0,0,1,16,4
128,16,2,0,0,16,1024,8,32,1,0,0,1,16,4
128,16,2,0,0,16,4096,8,64,1,1,0,1,8,4
128,16,2,0,1,16,128,4,32,1,0,0,1,8,8
128,16,2,0,1,16,256,4,64,1,1,0,1,8,8
128,16,2,0,1,16,512,4,32,1,0,0,1,16,4
128,16,2,0,1,16,1024,8,32,1,0,0,1,16,4
128,16,2,0,1,16,4096,8,64,1,1,0,1,8,4
128,16,8,0,0,16,128,4,32,1,1,0,1,8,8
128,16,8,0,0,16,256,4,32,1,0,0,2,16,4
128,16,8,0,0,16,512,4,32,1,0,0,1,16,8
128,16,8,0,0,16,1024,8,64,1,0,0,1,8,4
128,16,8,0,0,16,2048,8,32,1,0,0,1,16,8
128,16,8,0,0,16,4096,8,64,1,1,0,1,8,8
128,16,8,0,1,16,128,4,32,1,1,0,1,8,8
128,16,8,0,1,16,256,4,32,1,0,0,2,16,4
128,16,8,0,1,16,512,4,32,1,0,0,1,16,8
128,16,8,0,1,16,1024,8,64,1,0,0,1,8,4
128,16,8,0,1,16,2048,8,32,1,0,0,1,16,8
128,16,8,0,1,16,4096,8,64,1,1,0,1,8,8
128,24,8,0,0,16,128,2,16,1,0,0,1,16,8
128,24,8,0,0,16,256,4,32,1,0,0,1,8,4
128,24,8,0,0,16,512,8,32,1,0,0,1,16,8
128,24,8,0,0,16,2048,8,32,1,0,0,1,8,4
128,24,8,0,0,16,4096,8,64,1,1,0,1,8,4
128,24,8,0,1,16,128,2,16,1,0,0,1,16,8
128,24,8,0,1,16,256,4,32,1,0,0,1,8,4
128,24,8,0,1,16,512,8,32,1,0,0,1,16,8
128,24,8,0,1,16,2048,8,32,1,0,0,1,8,4
128,24,8,0,1,16,4096,8,64,1,1,0,1,8,4
128,28,4,0,0,16,128,4,32,1,1,0,1,8,4
128,28,4,0,0,16,512,8,64,1,1,0,1,8,8
128,28,4,0,1,16,128,4,32,1,1,0,1,8,4
128,28,4,0,1,16,512,8,64,1,1,0,1,8,8
128,32,2,0,0,16,128,8,64,1,1,0,1,16,8
128,32,2,0,0,16,1024,8,32,1,0,0,1,16,4
128,32,2,0,0,16,2048,8,64,1,1,0,1,16,8
128,32,2,0,1,16,128,8,64,1,1,0,1,16,8
128,32,2,0,1,16,1024,8,32,1,0,0,1,16,4
128,32,2,0,1,16,2048,8,64,1,1,0,1,16,8
128,32,4,0,0,16,128,8,64,1,1,0,1,8,4
128,32,4,0,0,16,1024,8,32,1,0,0,1,8,8
128,32,4,0,0,16,2048,8,64,1,1,0,1,16,4
128,32,4,0,0,16,4096,8,64,1,1,0,1,8,8
128,32,4,0,1,16,128,8,64,1,1,0,1,8,4
128,32,4,0,1,16,1024,8,32,1,0,0,1,8,8
128,32,4,0,1,16,2048,8,64,1,1,0,1,16,4
128,32,4,0,1,16,4096,8,64,1,1,0,1,8,8
128,32,8,0,0,16,128,8,64,1,1,0,1,16,4
128,32,8,0,0,16,512,8,32,1,0,0,1,8,4
128,32,8,0,0,16,4096,8,64,1,1,0,1,8,4
128,32,8,0,1,16,128,8,64,1,1,0,1,16,4
128,32,8,0,1,16,512,8,32,1,0,0,1,8,4
128,32,8,0,1,16,4096,8,64,1,1,0,1,8,4
128,32,32,0,0,16,128,2,16,1,1,0,1,16,4
128,32,32,0,0,16,256,4,32,1,0,0,1,16,8
128,32,32,0,0,16,1024,8,64,1,1,0,1,8,8
128,32,32,0,1,16,128,2,16,1,1,0,1,16,4
128,32,32,0,1,16,256,4,32,1,0,0,1,16,8
128,32,32,0,1,16,1024,8,64,1,1,0,1,8,8
128,40,8,0,0,16,128,4,32,1,0,0,1,8,4
128,40,8,0,0,16,256,8,64,1,0,0,1,8,8
128,40,8,0,0,16,2048,8,64,1,1,0,1,16,8
128,40,8,0,1,16,128,4,32,1,0,0,1,8,4
128,40,8,0,1,16,256,8,64,1,0,0,1,8,8
128,40,8,0,1,16,2048,8,64,1,1,0,1,16,8
256,8,1,0,0,16,128,4,16,2,0,0,1,8,4
256,8,1,0,0,16,256,8,16,2,0,1,1,8,4
256,8,1,0,0,16,512,8,32,2,0,0,1,16,8
256,8,1,0,0,16,1024,8,16,2,0,1,1,8,4
256,8,1,0,0,16,2048,8,16,2,0,1,1,16,4
256,8,1,0,1,16,128,4,16,2,0,0,1,8,4
256,8,1,0,1,16,256,8,16,2,0,1,1,8,4
256,8,1,0,1,16,512,8,32,2,0,0,1,16,8
256,8,1,0,1,16,1024,8,16,2,0,1,1,8,4
256,8,1,0,1,16,2048,8,16,2,0,1,1,16,4
256,8,1,512,0,16,128,4,16,2,0,0,1,16,4
256,8,1,512,0,16,256,8,32,2,0,0,1,16,8
256,8,1,512,0,16,2048,8,16,2,0,1,1,16,8
256,8,1,512,0,32,128,4,16,2,0,0,1,16,4
256,8,1,512,0,32,256,8,32,2,0,0,1,16,8
256,8,1,512,0,32,2048,8,16,2,0,1,1,16,8
256,8,1,512,1,16,128,4,16,2,0,0,1,16,4
256,8,1,512,1,16,256,8,32,2,0,0,1,16,8
256,8,1,512,1,16,2048,8,16,2,0,1,1,16,8
256,8,1,512,1,32,128,4,16,2,0,0,1,16,4
256,8,1,512,1,32,256,8,32,2,0,0,1,16,8
256,8,1,512,1,32,2048,8,16,2,0,1,1,16,8
256,8,2,0,0,16,128,4,16,2,0,0,1,8,4
256,8,2,0,0,16,256,8,16,2,0,1,1,8,8
256,8,2,0,1,16,128,4,16,2,0,0,1,8,4
256,8,2,0,1,16,256,8,16,2,0,1,1,8,8
256,8,2,512,0,16,128,4,16,2,0,0,1,16,4
256,8,2,512,0,16,256,8,32,2,0,0,1,16,4
256,8,2,512,0,16,4096,8,16,2,0,1,1,16,8
256,8,2,512,0,32,128,4,16,2,0,0,1,16,4
256,8,2,512,0,32,256,8,32,2,0,0,1,16,4
256,8,2,512,0,32,4096,8,16,2,0,1,1,16,8
256,8,2,512,1,16,128,4,16,2,0,0,1,16,4
256,8,2,512,1,16,256,8,32,2,0,0,1,16,4
256,8,2,512,1,16,4096,8,16,2,0,1,1,16,8
256,8,2,512,1,32,128,4,16,2,0,0,1,16,4
256,8,2,512,1,32,256,8,32,2,0,0,1,16,4
256,8,2,512,1,32,4096,8,16,2,0,1,1,16,8
256,8,4,0,0,16,128,4,16,2,0,0,1,8,4
256,8,4,0,0,16,256,8,16,2,0,1,1,8,8
256,8,4,0,1,16,128,4,16,2,0,0,1,8,4
256,8,4,0,1,16,256,8,16,2,0,1,1,8,8
256,8,4,1024,0,16,128,4,16,2,0,0,1,16,4
256,8,4,1024,0,16,256,8,32,2,0,0,1,16,4
256,8,4,1024,0,16,512,8,16,2,0,0,1,16,4
256,8,4,1024,0,16,1024,8,16,2,0,1,1,16,4
256,8,4,1024,1,16,128,4,16,2,0,0,1,16,4
256,8,4,1024,1,16,256,8,32,2,0,0,1,16,4
256,8,4,1024,1,16,512,8,16,2,0,0,1,16,4
256,8,4,1024,1,16,1024,8,16,2,0,1,1,16,4
256,8,4,4096,0,16,128,4,16,2,0,0,1,16,4
256,8,4,4096,0,16,256,8,16,2,0,1,1,16,8
256,8,4,4096,1,16,128,4,16,2,0,0,1,16,4
256,8,4,4096,1,16,256,8,16,2,0,1,1,16,8
256,16,2,0,0,16,128,8,32,2,0,0,1,16,8
256,16,2,0,0,16,256,8,16,2,0,0,1,16,4
256,16,2,0,0,16,512,8,16,2,0,1,1,16,8
256,16,2,0,1,16,128,8,32,2,0,0,1,16,8
256,16,2,0,1,16,256,8,16,2,0,0,1,16,4
256,16,2,0,1,16,512,8,16,2,0,1,1,16,8
256,16,4,0,0,16,128,8,32,2,0,0,1,16,4
256,16,4,0,0,16,256,8,16,2,0,0,1,16,8
256,16,4,0,0,16,512,8,16,2,0,1,1,8,8
256,16,4,0,1,16,128,8,32,2,0,0,1,16,4
256,16,4,0,1,16,256,8,16,2,0,0,1,16,8
256,16,4,0,1,16,512,8,16,2,0,1,1,8,8
256,16,8,0,0,16,128,8,32,2,0,0,1,16,4
256,16,8,0,0,16,256,8,16,2,0,1,1,8,4
256,16,8,0,1,16,128,8,32,2,0,0,1,16,4
256,16,8,0,1,16,256,8,16,2,0,1,1,8,4
256,16,8,1024,0,16,128,8,32,2,0,0,1,8,4
256,16,8,1024,0,16,256,8,16,2,0,0,1,16,8
256,16,8,1024,0,16,512,8,16,2,0,1,1,8,4
256,16,8,1024,1,16,128,8,32,2,0,0,1,8,4
256,16,8,1024,1,16,256,8,16,2,0,0,1,16,8
256,16,8,1024,1,16,512,8,16,2,0,1,1,8,4
256,24,4,0,0,16,128,4,16,2,0,0,1,8,4
256,24,4,0,0,16,256,8,16,2,0,1,1,16,4
256,24,4,0,1,16,128,4,16,2,0,0,1,8,4
256,24,4,0,1,16,256,8,16,2,0,1,1,16,4
256,32,16,1024,0,16,128,4,16,2,0,0,1,16,8
256,32,16,1024,0,16,256,8,16,2,0,1,1,16,4
256,32,16,1024,0,16,4096,8,16,2,0,1,1,8,4
256,32,16,1024,1,16,128,4,16,2,0,0,1,16,8
256,32,16,1024,1,16,256,8,16,2,0,1,1,16,4
256,32,16,1024,1,16,4096,8,16,2,0,1,1,8,4
512,8,1,0,0,16,128,8,16,4,0,0,1,8,8
512,8,1,0,1,16,128,8,16,4,0,0,1,8,8
512,8,2,0,0,16,128,8,16,4,0,0,1,16,4
512,8,2,0,1,16,128,8,16,4,0,0,1,16,4
512,16,1,0,0,16,128,16,16,4,0,0,1,8,4
512,16,1,0,0,16,256,8,16,4,0,0,1,8,4
512,16,1,0,0,16,4096,8,16,4,0,0,1,8,8
512,16,1,0,0,64,128,16,16,4,0,0,1,8,4
512,16,1,0,0,64,256,8,16,4,0,0,1,8,4
512,16,1,0,0,64,4096,8,16,4,0,0,1,8,8
512,16,1,0,1,16,128,16,16,4,0,0,1,8,4
512,16,1,0,1,16,256,8,16,4,0,0,1,8,4
512,16,1,0,1,16,4096,8,16,4,0,0,1,8,8
512,16,1,0,1,64,128,16,16,4,0,0,1,8,4
512,16,1,0,1,64,256,8,16,4,0,0,1,8,4
512,16,1,0,1,64,4096,8,16,4,0,0,1,8,8
512,16,2,0,0,16,128,16,16,4,0,0,1,16,8
512,16,2,0,0,16,256,8,16,4,0,0,1,16,4
512,16,2,0,0,16,1024,8,16,4,0,0,1,8,4
512,16,2,0,0,32,128,16,16,4,0,0,1,16,8
512,16,2,0,0,32,256,8,16,4,0,0,1,16,4
512,16,2,0,0,32,1024,8,16,4,0,0,1,8,4
512,16,2,0,1,16,128,16,16,4,0,0,1,16,8
512,16,2,0,1,16,256,8,16,4,0,0,1,16,4
512,16,2,0,1,16,1024,8,16,4,0,0,1,8,4
512,16,2,0,1,32,128,16,16,4,0,0,1,16,8
512,16,2,0,1,32,256,8,16,4,0,0,1,16,4
512,16,2,0,1,32,1024,8,16,4,0,0,1,8,4
512,32,4,0,0,16,128,8,16,4,0,0,1,8,4
512,32,4,0,0,16,2048,8,16,4,0,0,1,16,4
512,32,4,0,0,16,4096,16,16,4,0,0,1,8,4
512,32,4,0,0,32,128,8,16,4,0,0,1,8,4
512,32,4,0,0,32,2048,8,16,4,0,0,1,16,4
512,32,4,0,0,32,4096,16,16,4,0,0,1,8,4
512,32,4,0,1,16,128,8,16,4,0,0,1,8,4
512,32,4,0,1,16,2048,8,16,4,0,0,1,16,4
512,32,4,0,1,16,4096,16,16,4,0,0,1,8,4
512,32,4,0,1,32,128,8,16,4,0,0,1,8,4
512,32,4,0,1,32,2048,8,16,4,0,0,1,16,4
512,32,4,0,1,32,4096,16,16,4,0,0,1,8,4
