HEAD_DIM,NUM_Q_HEADS,NUM_KV_HEADS,WINDOW,MAX_QUERY_LEN,BF16,BATCHED,PAGE_SIZE,MAX_SEGMENTS,ROW_GROUPS,MIN_SEGMENT_BLOCKS,WAVES,HEAD_DIM_SPLIT,PREFETCH,V_IN_LDS,DOT_PRODUCT
64,14,2,0,1,0,0,16,4,1,2,4,0,1,0,0
64,14,2,0,1,0,1,16,4,1,2,4,0,1,0,0
64,14,2,0,1,1,0,16,4,1,2,4,0,1,0,0
64,14,2,0,1,1,1,16,4,1,2,4,0,1,0,0
64,14,2,0,2,0,0,16,4,1,2,4,0,0,1,0
64,14,2,0,2,0,1,16,4,1,2,4,0,0,1,0
64,14,2,0,2,1,0,16,4,1,2,4,0,0,1,0
64,14,2,0,2,1,1,16,4,1,2,4,0,0,1,0
64,14,2,0,3,0,0,16,5,1,2,4,0,0,1,0
64,14,2,0,3,0,1,16,5,1,2,4,0,0,1,0
64,14,2,0,3,1,0,16,5,1,2,4,0,0,1,0
64,14,2,0,3,1,1,16,5,1,2,4,0,0,1,0
64,14,2,0,4,0,0,16,4,1,2,4,0,0,1,0
64,14,2,0,4,0,1,16,4,1,2,4,0,0,1,0
64,14,2,0,4,1,0,16,4,1,2,4,0,0,1,0
64,14,2,0,4,1,1,16,4,1,2,4,0,0,1,0
64,14,2,0,5,0,0,16,4,7,2,4,0,1,0,0
64,14,2,0,5,0,1,16,4,7,2,4,0,1,0,0
64,14,2,0,5,1,0,16,4,7,2,4,0,1,0,0
64,14,2,0,5,1,1,16,4,7,2,4,0,1,0,0
64,14,2,0,6,0,0,16,4,7,2,4,0,1,0,0
64,14,2,0,6,0,1,16,4,7,2,4,0,1,0,0
64,14,2,0,6,1,0,16,4,7,2,4,0,1,0,0
64,14,2,0,6,1,1,16,4,7,2,4,0,1,0,0
64,14,2,0,7,0,0,16,4,7,2,4,0,1,0,0
64,14,2,0,7,0,1,16,4,7,2,4,0,1,0,0
64,14,2,0,7,1,0,16,4,7,2,4,0,1,0,0
64,14,2,0,7,1,1,16,4,7,2,4,0,1,0,0
64,14,2,0,8,0,0,16,4,7,2,4,0,1,0,0
64,14,2,0,8,0,1,16,4,7,2,4,0,1,0,0
64,14,2,0,8,1,0,16,4,7,2,4,0,1,0,0
64,14,2,0,8,1,1,16,4,7,2,4,0,1,0,0
64,16,2,0,1,0,0,16,4,1,2,4,0,1,0,0
64,16,2,0,1,0,1,16,4,1,2,4,0,1,0,0
64,16,2,0,1,1,0,16,4,1,2,4,0,1,0,0
64,16,2,0,1,1,1,16,4,1,2,4,0,1,0,0
64,16,2,0,2,0,0,16,4,2,2,4,0,1,0,0
64,16,2,0,2,0,1,16,4,2,2,4,0,1,0,0
64,16,2,0,2,1,0,16,4,2,2,4,0,1,0,0
64,16,2,0,2,1,1,16,4,2,2,4,0,1,0,0
64,16,2,0,3,0,0,16,4,2,2,4,0,1,0,0
64,16,2,0,3,0,1,16,4,2,2,4,0,1,0,0
64,16,2,0,3,1,0,16,4,2,2,4,0,1,0,0
64,16,2,0,3,1,1,16,4,2,2,4,0,1,0,0
64,16,2,0,4,0,0,16,4,2,2,4,0,0,1,0
64,16,2,0,4,0,1,16,4,2,2,4,0,0,1,0
64,16,2,0,4,1,0,16,4,2,2,4,0,0,1,0
64,16,2,0,4,1,1,16,4,2,2,4,0,0,1,0
64,16,2,0,5,0,0,16,2,4,4,8,0,1,0,0
64,16,2,0,5,0,1,16,2,4,4,8,0,1,0,0
64,16,2,0,5,1,0,16,2,4,4,8,0,1,0,0
64,16,2,0,5,1,1,16,2,4,4,8,0,1,0,0
64,16,2,0,6,0,0,16,2,3,2,8,0,1,0,0
64,16,2,0,6,0,1,16,2,3,2,8,0,1,0,0
64,16,2,0,6,1,0,16,2,3,2,8,0,1,0,0
64,16,2,0,6,1,1,16,2,3,2,8,0,1,0,0
64,16,2,0,7,0,0,16,2,4,1,8,0,1,0,0
64,16,2,0,7,0,1,16,2,4,1,8,0,1,0,0
64,16,2,0,7,1,0,16,2,4,1,8,0,1,0,0
64,16,2,0,7,1,1,16,2,4,1,8,0,1,0,0
64,16,2,0,8,0,0,16,5,4,4,8,0,1,0,0
64,16,2,0,8,0,1,16,5,4,4,8,0,1,0,0
64,16,2,0,8,1,0,16,5,4,4,8,0,1,0,0
64,16,2,0,8,1,1,16,5,4,4,8,0,1,0,0
64,32,8,0,1,0,0,16,1,1,1,8,0,1,0,0
64,32,8,0,1,0,1,16,1,1,1,8,0,1,0,0
64,32,8,0,1,1,0,16,1,1,1,8,0,1,0,0
64,32,8,0,1,1,1,16,1,1,1,8,0,1,0,0
64,32,8,0,2,0,0,16,1,1,1,8,0,1,0,0
64,32,8,0,2,0,1,16,1,1,1,8,0,1,0,0
64,32,8,0,2,1,0,16,1,1,1,8,0,1,0,0
64,32,8,0,2,1,1,16,1,1,1,8,0,1,0,0
64,32,8,0,3,0,0,16,1,1,1,4,0,0,1,0
64,32,8,0,3,0,1,16,1,1,1,4,0,0,1,0
64,32,8,0,3,1,0,16,1,1,1,4,0,0,1,0
64,32,8,0,3,1,1,16,1,1,1,4,0,0,1,0
64,32,8,0,4,0,0,16,1,1,1,8,0,1,0,0
64,32,8,0,4,0,1,16,1,1,1,8,0,1,0,0
64,32,8,0,4,1,0,16,1,1,1,8,0,1,0,0
64,32,8,0,4,1,1,16,1,1,1,8,0,1,0,0
64,32,8,0,5,0,0,16,1,2,1,4,0,0,1,0
64,32,8,0,5,0,1,16,1,2,1,4,0,0,1,0
64,32,8,0,5,1,0,16,1,2,1,4,0,0,1,0
64,32,8,0,5,1,1,16,1,2,1,4,0,0,1,0
64,32,8,0,6,0,0,16,1,2,1,8,0,0,1,0
64,32,8,0,6,0,1,16,1,2,1,8,0,0,1,0
64,32,8,0,6,1,0,16,1,2,1,8,0,0,1,0
64,32,8,0,6,1,1,16,1,2,1,8,0,0,1,0
64,32,8,0,7,0,0,16,1,2,1,4,0,1,0,0
64,32,8,0,7,0,1,16,1,2,1,4,0,1,0,0
64,32,8,0,7,1,0,16,1,2,1,4,0,1,0,0
64,32,8,0,7,1,1,16,1,2,1,4,0,1,0,0
64,32,8,0,8,0,0,16,1,2,1,4,0,1,0,0
64,32,8,0,8,0,1,16,1,2,1,4,0,1,0,0
64,32,8,0,8,1,0,16,1,2,1,4,0,1,0,0
64,32,8,0,8,1,1,16,1,2,1,4,0,1,0,0
64,32,32,0,1,0,0,16,1,1,2,2,0,0,0,0
64,32,32,0,1,0,1,16,1,1,2,2,0,0,0,0
64,32,32,0,1,1,0,16,1,1,2,2,0,0,0,0
64,32,32,0,1,1,1,16,1,1,2,2,0,0,0,0
64,32,32,0,2,0,0,16,1,1,1,2,0,0,0,0
64,32,32,0,2,0,1,16,1,1,1,2,0,0,0,0
64,32,32,0,2,1,0,16,1,1,1,2,0,0,0,0
64,32,32,0,2,1,1,16,1,1,1,2,0,0,0,0
64,32,32,0,3,0,0,16,1,1,1,2,0,0,1,0
64,32,32,0,3,0,1,16,1,1,1,2,0,0,1,0
64,32,32,0,3,1,0,16,1,1,1,2,0,0,1,0
64,32,32,0,3,1,1,16,1,1,1,2,0,0,1,0
64,32,32,0,4,0,0,16,1,1,4,2,0,0,0,0
64,32,32,0,4,0,1,16,1,1,4,2,0,0,0,0
64,32,32,0,4,1,0,16,1,1,4,2,0,0,0,0
64,32,32,0,4,1,1,16,1,1,4,2,0,0,0,0
64,32,32,0,5,0,0,16,1,1,1,2,0,0,0,0
64,32,32,0,5,0,1,16,1,1,1,2,0,0,0,0
64,32,32,0,5,1,0,16,1,1,1,2,0,0,0,0
64,32,32,0,5,1,1,16,1,1,1,2,0,0,0,0
64,32,32,0,6,0,0,16,1,1,1,2,0,0,0,0
64,32,32,0,6,0,1,16,1,1,1,2,0,0,0,0
64,32,32,0,6,1,0,16,1,1,1,2,0,0,0,0
64,32,32,0,6,1,1,16,1,1,1,2,0,0,0,0
64,32,32,0,7,0,0,16,1,1,1,2,0,0,0,0
64,32,32,0,7,0,1,16,1,1,1,2,0,0,0,0
64,32,32,0,7,1,0,16,1,1,1,2,0,0,0,0
64,32,32,0,7,1,1,16,1,1,1,2,0,0,0,0
64,32,32,0,8,0,0,16,1,1,1,2,0,0,0,0
64,32,32,0,8,0,1,16,1,1,1,2,0,0,0,0
64,32,32,0,8,1,0,16,1,1,1,2,0,0,0,0
64,32,32,0,8,1,1,16,1,1,1,2,0,0,0,0
128,10,10,0,1,0,0,16,1,1,1,2,0,0,1,0
128,10,10,0,1,0,1,16,1,1,1,2,0,0,1,0
128,10,10,0,1,1,0,16,1,1,1,2,0,0,1,0
128,10,10,0,1,1,1,16,1,1,1,2,0,0,1,0
128,10,10,0,2,0,0,16,1,1,1,2,0,0,1,0
128,10,10,0,2,0,1,16,1,1,1,2,0,0,1,0
128,10,10,0,2,1,0,16,1,1,1,2,0,0,1,0
128,10,10,0,2,1,1,16,1,1,1,2,0,0,1,0
128,10,10,0,3,0,0,16,1,1,1,2,0,0,1,0
128,10,10,0,3,0,1,16,1,1,1,2,0,0,1,0
128,10,10,0,3,1,0,16,1,1,1,2,0,0,1,0
128,10,10,0,3,1,1,16,1,1,1,2,0,0,1,0
128,10,10,0,4,0,0,16,1,1,2,2,0,0,1,0
128,10,10,0,4,0,1,16,1,1,2,2,0,0,1,0
128,10,10,0,4,1,0,16,1,1,2,2,0,0,1,0
128,10,10,0,4,1,1,16,1,1,2,2,0,0,1,0
128,10,10,0,5,0,0,16,1,1,1,2,0,0,1,0
128,10,10,0,5,0,1,16,1,1,1,2,0,0,1,0
128,10,10,0,5,1,0,16,1,1,1,2,0,0,1,0
128,10,10,0,5,1,1,16,1,1,1,2,0,0,1,0
128,10,10,0,6,0,0,16,1,1,1,2,0,0,1,0
128,10,10,0,6,0,1,16,1,1,1,2,0,0,1,0
128,10,10,0,6,1,0,16,1,1,1,2,0,0,1,0
128,10,10,0,6,1,1,16,1,1,1,2,0,0,1,0
128,10,10,0,7,0,0,16,1,1,1,4,0,0,1,0
128,10,10,0,7,0,1,16,1,1,1,4,0,0,1,0
128,10,10,0,7,1,0,16,1,1,1,4,0,0,1,0
128,10,10,0,7,1,1,16,1,1,1,4,0,0,1,0
128,10,10,0,8,0,0,16,1,1,1,2,0,0,1,0
128,10,10,0,8,0,1,16,1,1,1,2,0,0,1,0
128,10,10,0,8,1,0,16,1,1,1,2,0,0,1,0
128,10,10,0,8,1,1,16,1,1,1,2,0,0,1,0
128,16,2,0,1,0,0,16,2,1,2,4,0,0,1,0
128,16,2,0,1,0,1,16,2,1,2,4,0,0,1,0
128,16,2,0,1,1,0,16,2,1,2,4,0,0,1,0
128,16,2,0,1,1,1,16,2,1,2,4,0,0,1,0
128,16,2,0,2,0,0,16,2,4,2,4,0,0,1,0
128,16,2,0,2,0,1,16,2,4,2,4,0,0,1,0
128,16,2,0,2,1,0,16,2,4,2,4,0,0,1,0
128,16,2,0,2,1,1,16,2,4,2,4,0,0,1,0
128,16,2,0,3,0,0,16,2,4,2,4,0,0,1,0
128,16,2,0,3,0,1,16,2,4,2,4,0,0,1,0
128,16,2,0,3,1,0,16,2,4,2,4,0,0,1,0
128,16,2,0,3,1,1,16,2,4,2,4,0,0,1,0
128,16,2,0,4,0,0,16,2,4,2,4,0,0,1,0
128,16,2,0,4,0,1,16,2,4,2,4,0,0,1,0
128,16,2,0,4,1,0,16,2,4,2,4,0,0,1,0
128,16,2,0,4,1,1,16,2,4,2,4,0,0,1,0
128,16,2,0,5,0,0,16,5,4,4,4,0,0,1,0
128,16,2,0,5,0,1,16,5,4,4,4,0,0,1,0
128,16,2,0,5,1,0,16,5,4,4,4,0,0,1,0
128,16,2,0,5,1,1,16,5,4,4,4,0,0,1,0
128,16,2,0,6,0,0,16,3,3,2,4,0,0,1,0
128,16,2,0,6,0,1,16,3,3,2,4,0,0,1,0
128,16,2,0,6,1,0,16,3,3,2,4,0,0,1,0
128,16,2,0,6,1,1,16,3,3,2,4,0,0,1,0
128,16,2,0,7,0,0,16,4,4,4,4,0,0,1,0
128,16,2,0,7,0,1,16,4,4,4,4,0,0,1,0
128,16,2,0,7,1,0,16,4,4,4,4,0,0,1,0
128,16,2,0,7,1,1,16,4,4,4,4,0,0,1,0
128,16,2,0,8,0,0,16,4,4,4,4,0,0,1,0
128,16,2,0,8,0,1,16,4,4,4,4,0,0,1,0
128,16,2,0,8,1,0,16,4,4,4,4,0,0,1,0
128,16,2,0,8,1,1,16,4,4,4,4,0,0,1,0
128,16,8,0,1,0,0,16,1,1,1,4,0,0,1,0
128,16,8,0,1,0,1,16,1,1,1,4,0,0,1,0
128,16,8,0,1,1,0,16,1,1,1,4,0,0,1,0
128,16,8,0,1,1,1,16,1,1,1,4,0,0,1,0
128,16,8,0,2,0,0,16,1,1,1,4,0,0,1,0
128,16,8,0,2,0,1,16,1,1,1,4,0,0,1,0
128,16,8,0,2,1,0,16,1,1,1,4,0,0,1,0
128,16,8,0,2,1,1,16,1,1,1,4,0,0,1,0
128,16,8,0,3,0,0,16,1,1,1,4,0,0,1,0
128,16,8,0,3,0,1,16,1,1,1,4,0,0,1,0
128,16,8,0,3,1,0,16,1,1,1,4,0,0,1,0
128,16,8,0,3,1,1,16,1,1,1,4,0,0,1,0
128,16,8,0,4,0,0,16,1,1,1,4,0,0,1,0
128,16,8,0,4,0,1,16,1,1,1,4,0,0,1,0
128,16,8,0,4,1,0,16,1,1,1,4,0,0,1,0
128,16,8,0,4,1,1,16,1,1,1,4,0,0,1,0
128,16,8,0,5,0,0,16,1,1,1,4,0,0,1,0
128,16,8,0,5,0,1,16,1,1,1,4,0,0,1,0
128,16,8,0,5,1,0,16,1,1,1,4,0,0,1,0
128,16,8,0,5,1,1,16,1,1,1,4,0,0,1,0
128,16,8,0,6,0,0,16,1,1,1,4,0,0,1,0
128,16,8,0,6,0,1,16,1,1,1,4,0,0,1,0
128,16,8,0,6,1,0,16,1,1,1,4,0,0,1,0
128,16,8,0,6,1,1,16,1,1,1,4,0,0,1,0
128,16,8,0,7,0,0,16,1,2,1,4,0,0,0,0
128,16,8,0,7,0,1,16,1,2,1,4,0,0,0,0
128,16,8,0,7,1,0,16,1,2,1,4,0,0,0,0
128,16,8,0,7,1,1,16,1,2,1,4,0,0,0,0
128,16,8,0,8,0,0,16,1,1,1,4,0,0,1,0
128,16,8,0,8,0,1,16,1,1,1,4,0,0,1,0
128,16,8,0,8,1,0,16,1,1,1,4,0,0,1,0
128,16,8,0,8,1,1,16,1,1,1,4,0,0,1,0
128,24,8,0,1,0,0,16,1,1,1,4,0,0,1,0
128,24,8,0,1,0,1,16,1,1,1,4,0,0,1,0
128,24,8,0,1,1,0,16,1,1,1,4,0,0,1,0
128,24,8,0,1,1,1,16,1,1,1,4,0,0,1,0
128,24,8,0,2,0,0,16,1,1,1,4,0,0,1,0
128,24,8,0,2,0,1,16,1,1,1,4,0,0,1,0
128,24,8,0,2,1,0,16,1,1,1,4,0,0,1,0
128,24,8,0,2,1,1,16,1,1,1,4,0,0,1,0
128,24,8,0,3,0,0,16,1,1,2,4,0,0,1,0
128,24,8,0,3,0,1,16,1,1,2,4,0,0,1,0
128,24,8,0,3,1,0,16,1,1,2,4,0,0,1,0
128,24,8,0,3,1,1,16,1,1,2,4,0,0,1,0
128,24,8,0,4,0,0,16,1,1,1,4,0,0,1,0
128,24,8,0,4,0,1,16,1,1,1,4,0,0,1,0
128,24,8,0,4,1,0,16,1,1,1,4,0,0,1,0
128,24,8,0,4,1,1,16,1,1,1,4,0,0,1,0
128,24,8,0,5,0,0,16,1,1,1,4,0,0,1,0
128,24,8,0,5,0,1,16,1,1,1,4,0,0,1,0
128,24,8,0,5,1,0,16,1,1,1,4,0,0,1,0
128,24,8,0,5,1,1,16,1,1,1,4,0,0,1,0
128,24,8,0,6,0,0,16,1,3,1,2,0,0,1,0
128,24,8,0,6,0,1,16,1,3,1,2,0,0,1,0
128,24,8,0,6,1,0,16,1,3,1,2,0,0,1,0
128,24,8,0,6,1,1,16,1,3,1,2,0,0,1,0
128,24,8,0,7,0,0,16,1,3,1,2,0,0,1,0
128,24,8,0,7,0,1,16,1,3,1,2,0,0,1,0
128,24,8,0,7,1,0,16,1,3,1,2,0,0,1,0
128,24,8,0,7,1,1,16,1,3,1,2,0,0,1,0
128,24,8,0,8,0,0,16,1,3,1,2,0,0,1,0
128,24,8,0,8,0,1,16,1,3,1,2,0,0,1,0
128,24,8,0,8,1,0,16,1,3,1,2,0,0,1,0
128,24,8,0,8,1,1,16,1,3,1,2,0,0,1,0
128,28,4,0,1,0,0,16,1,1,1,4,0,0,1,0
128,28,4,0,1,0,1,16,1,1,1,4,0,0,1,0
128,28,4,0,1,1,0,16,1,1,1,4,0,0,1,0
128,28,4,0,1,1,1,16,1,1,1,4,0,0,1,0
128,28,4,0,2,0,0,16,2,1,2,4,0,0,1,0
128,28,4,0,2,0,1,16,2,1,2,4,0,0,1,0
128,28,4,0,2,1,0,16,2,1,2,4,0,0,1,0
128,28,4,0,2,1,1,16,2,1,2,4,0,0,1,0
128,28,4,0,3,0,0,16,3,1,4,4,2,0,1,0
128,28,4,0,3,0,1,16,3,1,4,4,2,0,1,0
128,28,4,0,3,1,0,16,3,1,4,4,2,0,1,0
128,28,4,0,3,1,1,16,3,1,4,4,2,0,1,0
128,28,4,0,4,0,0,16,5,1,1,4,2,0,0,0
128,28,4,0,4,0,1,16,5,1,1,4,2,0,0,0
128,28,4,0,4,1,0,16,5,1,1,4,2,0,0,0
128,28,4,0,4,1,1,16,5,1,1,4,2,0,0,0
128,28,4,0,5,0,0,16,2,7,4,4,0,0,1,0
128,28,4,0,5,0,1,16,2,7,4,4,0,0,1,0
128,28,4,0,5,1,0,16,2,7,4,4,0,0,1,0
128,28,4,0,5,1,1,16,2,7,4,4,0,0,1,0
128,28,4,0,6,0,0,16,2,7,4,4,0,0,1,0
128,28,4,0,6,0,1,16,2,7,4,4,0,0,1,0
128,28,4,0,6,1,0,16,2,7,4,4,0,0,1,0
128,28,4,0,6,1,1,16,2,7,4,4,0,0,1,0
128,28,4,0,7,0,0,16,2,7,2,4,0,0,1,0
128,28,4,0,7,0,1,16,2,7,2,4,0,0,1,0
128,28,4,0,7,1,0,16,2,7,2,4,0,0,1,0
128,28,4,0,7,1,1,16,2,7,2,4,0,0,1,0
128,28,4,0,8,0,0,16,2,7,4,4,0,0,1,0
128,28,4,0,8,0,1,16,2,7,4,4,0,0,1,0
128,28,4,0,8,1,0,16,2,7,4,4,0,0,1,0
128,28,4,0,8,1,1,16,2,7,4,4,0,0,1,0
128,32,2,0,1,0,0,16,2,4,2,4,0,0,1,0
128,32,2,0,1,0,1,16,2,4,2,4,0,0,1,0
128,32,2,0,1,1,0,16,2,4,2,4,0,0,1,0
128,32,2,0,1,1,1,16,2,4,2,4,0,0,1,0
128,32,2,0,2,0,0,16,2,4,4,4,0,0,1,0
128,32,2,0,2,0,1,16,2,4,4,4,0,0,1,0
128,32,2,0,2,1,0,16,2,4,4,4,0,0,1,0
128,32,2,0,2,1,1,16,2,4,4,4,0,0,1,0
128,32,2,0,3,0,0,16,3,3,2,4,0,0,1,0
128,32,2,0,3,0,1,16,3,3,2,4,0,0,1,0
128,32,2,0,3,1,0,16,3,3,2,4,0,0,1,0
128,32,2,0,3,1,1,16,3,3,2,4,0,0,1,0
128,32,2,0,4,0,0,16,4,4,4,4,0,0,1,0
128,32,2,0,4,0,1,16,4,4,4,4,0,0,1,0
128,32,2,0,4,1,0,16,4,4,4,4,0,0,1,0
128,32,2,0,4,1,1,16,4,4,4,4,0,0,1,0
128,32,2,0,5,0,0,16,4,5,4,4,0,0,1,0
128,32,2,0,5,0,1,16,4,5,4,4,0,0,1,0
128,32,2,0,5,1,0,16,4,5,4,4,0,0,1,0
128,32,2,0,5,1,1,16,4,5,4,4,0,0,1,0
128,32,2,0,6,0,0,16,5,6,2,4,0,0,1,0
128,32,2,0,6,0,1,16,5,6,2,4,0,0,1,0
128,32,2,0,6,1,0,16,5,6,2,4,0,0,1,0
128,32,2,0,6,1,1,16,5,6,2,4,0,0,1,0
128,32,2,0,7,0,0,16,4,8,4,4,0,0,0,0
128,32,2,0,7,0,1,16,4,8,4,4,0,0,0,0
128,32,2,0,7,1,0,16,4,8,4,4,0,0,0,0
128,32,2,0,7,1,1,16,4,8,4,4,0,0,0,0
128,32,2,0,8,0,0,16,5,4,1,8,0,0,0,0
128,32,2,0,8,0,1,16,5,4,1,8,0,0,0,0
128,32,2,0,8,1,0,16,5,4,1,8,0,0,0,0
128,32,2,0,8,1,1,16,5,4,1,8,0,0,0,0
128,32,4,0,1,0,0,16,2,1,4,4,0,0,1,0
128,32,4,0,1,0,1,16,2,1,4,4,0,0,1,0
128,32,4,0,1,1,0,16,2,1,4,4,0,0,1,0
128,32,4,0,1,1,1,16,2,1,4,4,0,0,1,0
128,32,4,0,2,0,0,16,1,4,1,4,0,0,1,0
128,32,4,0,2,0,1,16,1,4,1,4,0,0,1,0
128,32,4,0,2,1,0,16,1,4,1,4,0,0,1,0
128,32,4,0,2,1,1,16,1,4,1,4,0,0,1,0
128,32,4,0,3,0,0,16,1,4,1,4,0,0,1,0
128,32,4,0,3,0,1,16,1,4,1,4,0,0,1,0
128,32,4,0,3,1,0,16,1,4,1,4,0,0,1,0
128,32,4,0,3,1,1,16,1,4,1,4,0,0,1,0
128,32,4,0,4,0,0,16,1,4,1,8,0,0,0,0
128,32,4,0,4,0,1,16,1,4,1,8,0,0,0,0
128,32,4,0,4,1,0,16,1,4,1,8,0,0,0,0
128,32,4,0,4,1,1,16,1,4,1,8,0,0,0,0
128,32,4,0,5,0,0,16,2,4,4,4,0,0,1,0
128,32,4,0,5,0,1,16,2,4,4,4,0,0,1,0
128,32,4,0,5,1,0,16,2,4,4,4,0,0,1,0
128,32,4,0,5,1,1,16,2,4,4,4,0,0,1,0
128,32,4,0,6,0,0,16,2,4,2,4,0,0,1,0
128,32,4,0,6,0,1,16,2,4,2,4,0,0,1,0
128,32,4,0,6,1,0,16,2,4,2,4,0,0,1,0
128,32,4,0,6,1,1,16,2,4,2,4,0,0,1,0
128,32,4,0,7,0,0,16,2,4,2,4,0,0,1,0
128,32,4,0,7,0,1,16,2,4,2,4,0,0,1,0
128,32,4,0,7,1,0,16,2,4,2,4,0,0,1,0
128,32,4,0,7,1,1,16,2,4,2,4,0,0,1,0
128,32,4,0,8,0,0,16,1,4,1,4,0,0,1,0
128,32,4,0,8,0,1,16,1,4,1,4,0,0,1,0
128,32,4,0,8,1,0,16,1,4,1,4,0,0,1,0
128,32,4,0,8,1,1,16,1,4,1,4,0,0,1,0
128,32,8,0,1,0,0,16,1,1,1,2,0,0,1,0
128,32,8,0,1,0,1,16,1,1,1,2,0,0,1,0
128,32,8,0,1,1,0,16,1,1,1,2,0,0,1,0
128,32,8,0,1,1,1,16,1,1,1,2,0,0,1,0
128,32,8,0,2,0,0,16,1,1,1,4,0,0,1,0
128,32,8,0,2,0,1,16,1,1,1,4,0,0,1,0
128,32,8,0,2,1,0,16,1,1,1,4,0,0,1,0
128,32,8,0,2,1,1,16,1,1,1,4,0,0,1,0
128,32,8,0,3,0,0,16,1,1,1,4,0,0,1,0
128,32,8,0,3,0,1,16,1,1,1,4,0,0,1,0
128,32,8,0,3,1,0,16,1,1,1,4,0,0,1,0
128,32,8,0,3,1,1,16,1,1,1,4,0,0,1,0
128,32,8,0,4,0,0,16,1,1,1,4,0,0,1,0
128,32,8,0,4,0,1,16,1,1,1,4,0,0,1,0
128,32,8,0,4,1,0,16,1,1,1,4,0,0,1,0
128,32,8,0,4,1,1,16,1,1,1,4,0,0,1,0
128,32,8,0,5,0,0,16,1,4,1,2,0,0,1,0
128,32,8,0,5,0,1,16,1,4,1,2,0,0,1,0
128,32,8,0,5,1,0,16,1,4,1,2,0,0,1,0
128,32,8,0,5,1,1,16,1,4,1,2,0,0,1,0
128,32,8,0,6,0,0,16,1,4,1,2,0,0,1,0
128,32,8,0,6,0,1,16,1,4,1,2,0,0,1,0
128,32,8,0,6,1,0,16,1,4,1,2,0,0,1,0
128,32,8,0,6,1,1,16,1,4,1,2,0,0,1,0
128,32,8,0,7,0,0,16,1,4,1,2,0,0,1,0
128,32,8,0,7,0,1,16,1,4,1,2,0,0,1,0
128,32,8,0,7,1,0,16,1,4,1,2,0,0,1,0
128,32,8,0,7,1,1,16,1,4,1,2,0,0,1,0
128,32,8,0,8,0,0,16,1,2,1,4,0,0,1,0
128,32,8,0,8,0,1,16,1,2,1,4,0,0,1,0
128,32,8,0,8,1,0,16,1,2,1,4,0,0,1,0
128,32,8,0,8,1,1,16,1,2,1,4,0,0,1,0
128,32,32,0,1,0,0,16,1,1,2,2,0,0,0,0
128,32,32,0,1,0,1,16,1,1,2,2,0,0,0,0
128,32,32,0,1,1,0,16,1,1,2,2,0,0,0,0
128,32,32,0,1,1,1,16,1,1,2,2,0,0,0,0
128,32,32,0,2,0,0,16,1,1,2,4,0,0,0,0
128,32,32,0,2,0,1,16,1,1,2,4,0,0,0,0
128,32,32,0,2,1,0,16,1,1,2,4,0,0,0,0
128,32,32,0,2,1,1,16,1,1,2,4,0,0,0,0
128,32,32,0,3,0,0,16,1,1,1,2,0,0,1,0
128,32,32,0,3,0,1,16,1,1,1,2,0,0,1,0
128,32,32,0,3,1,0,16,1,1,1,2,0,0,1,0
128,32,32,0,3,1,1,16,1,1,1,2,0,0,1,0
128,32,32,0,4,0,0,16,1,1,1,2,0,0,1,0
128,32,32,0,4,0,1,16,1,1,1,2,0,0,1,0
128,32,32,0,4,1,0,16,1,1,1,2,0,0,1,0
128,32,32,0,4,1,1,16,1,1,1,2,0,0,1,0
128,32,32,0,5,0,0,16,1,1,2,4,0,0,0,0
128,32,32,0,5,0,1,16,1,1,2,4,0,0,0,0
128,32,32,0,5,1,0,16,1,1,2,4,0,0,0,0
128,32,32,0,5,1,1,16,1,1,2,4,0,0,0,0
128,32,32,0,6,0,0,16,1,1,2,4,0,0,0,0
128,32,32,0,6,0,1,16,1,1,2,4,0,0,0,0
128,32,32,0,6,1,0,16,1,1,2,4,0,0,0,0
128,32,32,0,6,1,1,16,1,1,2,4,0,0,0,0
128,32,32,0,7,0,0,16,1,1,1,2,0,0,1,0
128,32,32,0,7,0,1,16,1,1,1,2,0,0,1,0
128,32,32,0,7,1,0,16,1,1,1,2,0,0,1,0
128,32,32,0,7,1,1,16,1,1,1,2,0,0,1,0
128,32,32,0,8,0,0,16,1,1,2,4,0,0,0,0
128,32,32,0,8,0,1,16,1,1,2,4,0,0,0,0
128,32,32,0,8,1,0,16,1,1,2,4,0,0,0,0
128,32,32,0,8,1,1,16,1,1,2,4,0,0,0,0
128,40,8,0,1,0,0,16,1,1,1,4,0,0,1,0
128,40,8,0,1,0,1,16,1,1,1,4,0,0,1,0
128,40,8,0,1,1,0,16,1,1,1,4,0,0,1,0
128,40,8,0,1,1,1,16,1,1,1,4,0,0,1,0
128,40,8,0,2,0,0,16,1,1,1,4,0,0,1,0
128,40,8,0,2,0,1,16,1,1,1,4,0,0,1,0
128,40,8,0,2,1,0,16,1,1,1,4,0,0,1,0
128,40,8,0,2,1,1,16,1,1,1,4,0,0,1,0
128,40,8,0,3,0,0,16,1,1,1,4,0,0,1,0
128,40,8,0,3,0,1,16,1,1,1,4,0,0,1,0
128,40,8,0,3,1,0,16,1,1,1,4,0,0,1,0
128,40,8,0,3,1,1,16,1,1,1,4,0,0,1,0
128,40,8,0,4,0,0,16,1,5,1,2,0,0,1,0
128,40,8,0,4,0,1,16,1,5,1,2,0,0,1,0
128,40,8,0,4,1,0,16,1,5,1,2,0,0,1,0
128,40,8,0,4,1,1,16,1,5,1,2,0,0,1,0
128,40,8,0,5,0,0,16,1,5,1,2,0,0,1,0
128,40,8,0,5,0,1,16,1,5,1,2,0,0,1,0
128,40,8,0,5,1,0,16,1,5,1,2,0,0,1,0
128,40,8,0,5,1,1,16,1,5,1,2,0,0,1,0
128,40,8,0,6,0,0,16,1,5,1,2,0,0,1,0
128,40,8,0,6,0,1,16,1,5,1,2,0,0,1,0
128,40,8,0,6,1,0,16,1,5,1,2,0,0,1,0
128,40,8,0,6,1,1,16,1,5,1,2,0,0,1,0
128,40,8,0,7,0,0,16,1,5,1,2,0,0,1,0
128,40,8,0,7,0,1,16,1,5,1,2,0,0,1,0
128,40,8,0,7,1,0,16,1,5,1,2,0,0,1,0
128,40,8,0,7,1,1,16,1,5,1,2,0,0,1,0
128,40,8,0,8,0,0,16,1,5,1,2,0,0,1,0
128,40,8,0,8,0,1,16,1,5,1,2,0,0,1,0
128,40,8,0,8,1,0,16,1,5,1,2,0,0,1,0
128,40,8,0,8,1,1,16,1,5,1,2,0,0,1,0
256,8,1,0,1,0,0,16,8,1,1,4,0,0,0,1
256,8,1,0,1,0,1,16,8,1,1,4,0,0,1,0
256,8,1,0,1,1,0,16,8,1,1,4,0,0,0,1
256,8,1,0,1,1,1,16,8,1,1,4,0,0,1,0
256,8,1,0,2,0,0,16,8,2,2,4,4,1,0,0
256,8,1,0,2,0,1,16,8,2,2,4,4,1,0,0
256,8,1,0,2,1,0,16,8,2,2,4,4,1,0,0
256,8,1,0,2,1,1,16,8,2,2,4,4,1,0,0
256,8,1,0,3,0,0,16,8,2,1,4,0,0,1,0
256,8,1,0,3,0,1,16,8,2,1,4,0,0,1,0
256,8,1,0,3,1,0,16,8,2,1,4,0,0,1,0
256,8,1,0,3,1,1,16,8,2,1,4,0,0,1,0
256,8,1,0,4,0,0,16,8,2,1,4,0,0,0,0
256,8,1,0,4,0,1,16,8,2,1,4,0,0,0,0
256,8,1,0,4,1,0,16,8,2,1,4,0,0,0,0
256,8,1,0,4,1,1,16,8,2,1,4,0,0,0,0
256,8,1,0,5,0,0,16,8,4,2,8,0,0,0,0
256,8,1,0,5,0,1,16,8,4,2,8,0,0,0,0
256,8,1,0,5,1,0,16,8,4,2,8,0,0,0,0
256,8,1,0,5,1,1,16,8,4,2,8,0,0,0,0
256,8,1,0,6,0,0,16,8,4,2,8,0,0,0,0
256,8,1,0,6,0,1,16,8,4,2,8,0,0,0,0
256,8,1,0,6,1,0,16,8,4,2,8,0,0,0,0
256,8,1,0,6,1,1,16,8,4,2,8,0,0,0,0
256,8,1,0,7,0,0,16,8,4,1,8,4,1,0,0
256,8,1,0,7,0,1,16,8,4,1,8,4,1,0,0
256,8,1,0,7,1,0,16,8,4,1,8,4,1,0,0
256,8,1,0,7,1,1,16,8,4,1,8,4,1,0,0
256,8,1,0,8,0,0,16,8,4,2,8,0,0,0,0
256,8,1,0,8,0,1,16,8,4,2,8,0,0,0,0
256,8,1,0,8,1,0,16,8,4,2,8,0,0,0,0
256,8,1,0,8,1,1,16,8,4,2,8,0,0,0,0
256,8,1,512,1,0,0,16,5,1,1,8,0,0,0,1
256,8,1,512,1,0,0,32,5,1,1,8,0,0,0,1
256,8,1,512,1,0,1,16,8,2,2,8,4,1,0,0
256,8,1,512,1,0,1,32,8,2,2,8,4,1,0,0
256,8,1,512,1,1,0,16,5,1,1,8,0,0,0,1
256,8,1,512,1,1,0,32,5,1,1,8,0,0,0,1
256,8,1,512,1,1,1,16,8,2,2,8,4,1,0,0
256,8,1,512,1,1,1,32,8,2,2,8,4,1,0,0
256,8,1,512,2,0,0,16,5,1,1,8,0,0,0,1
256,8,1,512,2,0,0,32,5,1,1,8,0,0,0,1
256,8,1,512,2,0,1,16,8,2,2,4,4,1,0,0
256,8,1,512,2,0,1,32,8,2,2,4,4,1,0,0
256,8,1,512,2,1,0,16,5,1,1,8,0,0,0,1
256,8,1,512,2,1,0,32,5,1,1,8,0,0,0,1
256,8,1,512,2,1,1,16,8,2,2,4,4,1,0,0
256,8,1,512,2,1,1,32,8,2,2,4,4,1,0,0
256,8,1,512,3,0,0,16,5,1,1,8,0,0,0,1
256,8,1,512,3,0,0,32,5,1,1,8,0,0,0,1
256,8,1,512,3,0,1,16,8,2,1,4,4,1,0,0
256,8,1,512,3,0,1,32,8,2,1,4,4,1,0,0
256,8,1,512,3,1,0,16,5,1,1,8,0,0,0,1
256,8,1,512,3,1,0,32,5,1,1,8,0,0,0,1
256,8,1,512,3,1,1,16,8,2,1,4,4,1,0,0
256,8,1,512,3,1,1,32,8,2,1,4,4,1,0,0
256,8,1,512,4,0,0,16,5,4,1,8,4,1,0,0
256,8,1,512,4,0,0,32,5,4,1,8,4,1,0,0
256,8,1,512,4,0,1,16,5,4,1,8,4,1,0,0
256,8,1,512,4,0,1,32,5,4,1,8,4,1,0,0
256,8,1,512,4,1,0,16,5,4,1,8,4,1,0,0
256,8,1,512,4,1,0,32,5,4,1,8,4,1,0,0
256,8,1,512,4,1,1,16,5,4,1,8,4,1,0,0
256,8,1,512,4,1,1,32,5,4,1,8,4,1,0,0
256,8,1,512,5,0,0,16,8,4,1,4,4,1,0,0
256,8,1,512,5,0,0,32,8,4,1,4,4,1,0,0
256,8,1,512,5,0,1,16,8,4,1,4,4,1,0,0
256,8,1,512,5,0,1,32,8,4,1,4,4,1,0,0
256,8,1,512,5,1,0,16,8,4,1,4,4,1,0,0
256,8,1,512,5,1,0,32,8,4,1,4,4,1,0,0
256,8,1,512,5,1,1,16,8,4,1,4,4,1,0,0
256,8,1,512,5,1,1,32,8,4,1,4,4,1,0,0
256,8,1,512,6,0,0,16,8,4,1,4,4,1,0,0
256,8,1,512,6,0,0,32,8,4,1,4,4,1,0,0
256,8,1,512,6,0,1,16,8,4,1,4,4,1,0,0
256,8,1,512,6,0,1,32,8,4,1,4,4,1,0,0
256,8,1,512,6,1,0,16,8,4,1,4,4,1,0,0
256,8,1,512,6,1,0,32,8,4,1,4,4,1,0,0
256,8,1,512,6,1,1,16,8,4,1,4,4,1,0,0
256,8,1,512,6,1,1,32,8,4,1,4,4,1,0,0
256,8,1,512,7,0,0,16,8,4,2,4,4,1,0,0
256,8,1,512,7,0,0,32,8,4,2,4,4,1,0,0
256,8,1,512,7,0,1,16,8,4,2,4,4,1,0,0
256,8,1,512,7,0,1,32,8,4,2,4,4,1,0,0
256,8,1,512,7,1,0,16,8,4,2,4,4,1,0,0
256,8,1,512,7,1,0,32,8,4,2,4,4,1,0,0
256,8,1,512,7,1,1,16,8,4,2,4,4,1,0,0
256,8,1,512,7,1,1,32,8,4,2,4,4,1,0,0
256,8,1,512,8,0,0,16,8,4,2,4,4,1,0,0
256,8,1,512,8,0,0,32,8,4,2,4,4,1,0,0
256,8,1,512,8,0,1,16,8,4,2,4,4,1,0,0
256,8,1,512,8,0,1,32,8,4,2,4,4,1,0,0
256,8,1,512,8,1,0,16,8,4,2,4,4,1,0,0
256,8,1,512,8,1,0,32,8,4,2,4,4,1,0,0
256,8,1,512,8,1,1,16,8,4,2,4,4,1,0,0
256,8,1,512,8,1,1,32,8,4,2,4,4,1,0,0
256,8,2,0,1,0,0,16,2,1,1,8,0,0,0,1
256,8,2,0,1,0,0,544,2,1,1,8,0,0,0,1
256,8,2,0,1,0,1,16,4,1,1,4,0,0,1,0
256,8,2,0,1,0,1,544,4,1,1,4,0,0,1,0
256,8,2,0,1,1,0,16,2,1,1,8,0,0,0,1
256,8,2,0,1,1,0,544,2,1,1,8,0,0,0,1
256,8,2,0,1,1,1,16,4,1,1,4,0,0,1,0
256,8,2,0,1,1,1,544,4,1,1,4,0,0,1,0
256,8,2,0,2,0,0,16,4,1,1,8,0,0,0,1
256,8,2,0,2,0,0,544,4,1,1,8,0,0,0,1
256,8,2,0,2,0,1,16,4,2,1,4,4,1,0,0
256,8,2,0,2,0,1,544,4,2,1,4,4,1,0,0
256,8,2,0,2,1,0,16,4,1,1,8,0,0,0,1
256,8,2,0,2,1,0,544,4,1,1,8,0,0,0,1
256,8,2,0,2,1,1,16,4,2,1,4,4,1,0,0
256,8,2,0,2,1,1,544,4,2,1,4,4,1,0,0
256,8,2,0,3,0,0,16,3,2,2,4,0,0,1,0
256,8,2,0,3,0,0,544,3,2,2,4,0,0,1,0
256,8,2,0,3,0,1,16,3,2,2,4,0,0,1,0
256,8,2,0,3,0,1,544,3,2,2,4,0,0,1,0
256,8,2,0,3,1,0,16,3,2,2,4,0,0,1,0
256,8,2,0,3,1,0,544,3,2,2,4,0,0,1,0
256,8,2,0,3,1,1,16,3,2,2,4,0,0,1,0
256,8,2,0,3,1,1,544,3,2,2,4,0,0,1,0
256,8,2,0,4,0,0,16,3,2,2,4,0,0,1,0
256,8,2,0,4,0,0,544,3,2,2,4,0,0,1,0
256,8,2,0,4,0,1,16,3,2,2,4,0,0,1,0
256,8,2,0,4,0,1,544,3,2,2,4,0,0,1,0
256,8,2,0,4,1,0,16,3,2,2,4,0,0,1,0
256,8,2,0,4,1,0,544,3,2,2,4,0,0,1,0
256,8,2,0,4,1,1,16,3,2,2,4,0,0,1,0
256,8,2,0,4,1,1,544,3,2,2,4,0,0,1,0
256,8,2,0,5,0,0,16,4,4,2,4,0,0,1,0
256,8,2,0,5,0,0,544,4,4,2,4,0,0,1,0
256,8,2,0,5,0,1,16,4,4,2,4,0,0,1,0
256,8,2,0,5,0,1,544,4,4,2,4,0,0,1,0
256,8,2,0,5,1,0,16,4,4,2,4,0,0,1,0
256,8,2,0,5,1,0,544,4,4,2,4,0,0,1,0
256,8,2,0,5,1,1,16,4,4,2,4,0,0,1,0
256,8,2,0,5,1,1,544,4,4,2,4,0,0,1,0
256,8,2,0,6,0,0,16,5,2,1,8,4,0,1,0
256,8,2,0,6,0,0,544,5,2,1,8,4,0,1,0
256,8,2,0,6,0,1,16,5,2,1,8,4,0,1,0
256,8,2,0,6,0,1,544,5,2,1,8,4,0,1,0
256,8,2,0,6,1,0,16,5,2,1,8,4,0,1,0
256,8,2,0,6,1,0,544,5,2,1,8,4,0,1,0
256,8,2,0,6,1,1,16,5,2,1,8,4,0,1,0
256,8,2,0,6,1,1,544,5,2,1,8,4,0,1,0
256,8,2,0,7,0,0,16,4,4,2,4,0,0,1,0
256,8,2,0,7,0,0,544,4,4,2,4,0,0,1,0
256,8,2,0,7,0,1,16,4,4,2,4,0,0,1,0
256,8,2,0,7,0,1,544,4,4,2,4,0,0,1,0
256,8,2,0,7,1,0,16,4,4,2,4,0,0,1,0
256,8,2,0,7,1,0,544,4,4,2,4,0,0,1,0
256,8,2,0,7,1,1,16,4,4,2,4,0,0,1,0
256,8,2,0,7,1,1,544,4,4,2,4,0,0,1,0
256,8,2,0,8,0,0,16,8,2,1,4,0,0,0,0
256,8,2,0,8,0,0,544,8,2,1,4,0,0,0,0
256,8,2,0,8,0,1,16,8,2,1,4,0,0,0,0
256,8,2,0,8,0,1,544,8,2,1,4,0,0,0,0
256,8,2,0,8,1,0,16,8,2,1,4,0,0,0,0
256,8,2,0,8,1,0,544,8,2,1,4,0,0,0,0
256,8,2,0,8,1,1,16,8,2,1,4,0,0,0,0
256,8,2,0,8,1,1,544,8,2,1,4,0,0,0,0
256,8,2,512,1,0,0,16,2,1,1,8,0,0,0,1
256,8,2,512,1,0,0,32,2,1,1,8,0,0,0,1
256,8,2,512,1,0,1,16,4,2,4,4,4,1,0,0
256,8,2,512,1,0,1,32,4,2,4,4,4,1,0,0
256,8,2,512,1,1,0,16,2,1,1,8,0,0,0,1
256,8,2,512,1,1,0,32,2,1,1,8,0,0,0,1
256,8,2,512,1,1,1,16,4,2,4,4,4,1,0,0
256,8,2,512,1,1,1,32,4,2,4,4,4,1,0,0
256,8,2,512,2,0,0,16,5,1,1,8,0,0,0,1
256,8,2,512,2,0,0,32,5,1,1,8,0,0,0,1
256,8,2,512,2,0,1,16,5,2,2,4,4,1,0,0
256,8,2,512,2,0,1,32,5,2,2,4,4,1,0,0
256,8,2,512,2,1,0,16,5,1,1,8,0,0,0,1
256,8,2,512,2,1,0,32,5,1,1,8,0,0,0,1
256,8,2,512,2,1,1,16,5,2,2,4,4,1,0,0
256,8,2,512,2,1,1,32,5,2,2,4,4,1,0,0
256,8,2,512,3,0,0,16,5,2,2,4,4,1,0,0
256,8,2,512,3,0,0,32,5,2,2,4,4,1,0,0
256,8,2,512,3,0,1,16,5,2,2,4,4,1,0,0
256,8,2,512,3,0,1,32,5,2,2,4,4,1,0,0
256,8,2,512,3,1,0,16,5,2,2,4,4,1,0,0
256,8,2,512,3,1,0,32,5,2,2,4,4,1,0,0
256,8,2,512,3,1,1,16,5,2,2,4,4,1,0,0
256,8,2,512,3,1,1,32,5,2,2,4,4,1,0,0
256,8,2,512,4,0,0,16,5,4,1,4,4,1,0,0
256,8,2,512,4,0,0,32,5,4,1,4,4,1,0,0
256,8,2,512,4,0,1,16,5,4,1,4,4,1,0,0
256,8,2,512,4,0,1,32,5,4,1,4,4,1,0,0
256,8,2,512,4,1,0,16,5,4,1,4,4,1,0,0
256,8,2,512,4,1,0,32,5,4,1,4,4,1,0,0
256,8,2,512,4,1,1,16,5,4,1,4,4,1,0,0
256,8,2,512,4,1,1,32,5,4,1,4,4,1,0,0
256,8,2,512,5,0,0,16,5,4,1,4,4,1,0,0
256,8,2,512,5,0,0,32,5,4,1,4,4,1,0,0
256,8,2,512,5,0,1,16,5,4,1,4,4,1,0,0
256,8,2,512,5,0,1,32,5,4,1,4,4,1,0,0
256,8,2,512,5,1,0,16,5,4,1,4,4,1,0,0
256,8,2,512,5,1,0,32,5,4,1,4,4,1,0,0
256,8,2,512,5,1,1,16,5,4,1,4,4,1,0,0
256,8,2,512,5,1,1,32,5,4,1,4,4,1,0,0
256,8,2,512,6,0,0,16,5,4,1,4,4,1,0,0
256,8,2,512,6,0,0,32,5,4,1,4,4,1,0,0
256,8,2,512,6,0,1,16,5,4,1,4,4,1,0,0
256,8,2,512,6,0,1,32,5,4,1,4,4,1,0,0
256,8,2,512,6,1,0,16,5,4,1,4,4,1,0,0
256,8,2,512,6,1,0,32,5,4,1,4,4,1,0,0
256,8,2,512,6,1,1,16,5,4,1,4,4,1,0,0
256,8,2,512,6,1,1,32,5,4,1,4,4,1,0,0
256,8,2,512,7,0,0,16,5,2,2,4,4,1,0,0
256,8,2,512,7,0,0,32,5,2,2,4,4,1,0,0
256,8,2,512,7,0,1,16,5,2,2,4,4,1,0,0
256,8,2,512,7,0,1,32,5,2,2,4,4,1,0,0
256,8,2,512,7,1,0,16,5,2,2,4,4,1,0,0
256,8,2,512,7,1,0,32,5,2,2,4,4,1,0,0
256,8,2,512,7,1,1,16,5,2,2,4,4,1,0,0
256,8,2,512,7,1,1,32,5,2,2,4,4,1,0,0
256,8,2,512,8,0,0,16,5,2,2,4,4,1,0,0
256,8,2,512,8,0,0,32,5,2,2,4,4,1,0,0
256,8,2,512,8,0,1,16,5,2,2,4,4,1,0,0
256,8,2,512,8,0,1,32,5,2,2,4,4,1,0,0
256,8,2,512,8,1,0,16,5,2,2,4,4,1,0,0
256,8,2,512,8,1,0,32,5,2,2,4,4,1,0,0
256,8,2,512,8,1,1,16,5,2,2,4,4,1,0,0
256,8,2,512,8,1,1,32,5,2,2,4,4,1,0,0
256,8,4,0,1,0,0,16,2,1,1,8,0,0,0,1
256,8,4,0,1,0,1,16,2,2,2,4,4,1,0,0
256,8,4,0,1,1,0,16,2,1,1,8,0,0,0,1
256,8,4,0,1,1,1,16,2,2,2,4,4,1,0,0
256,8,4,0,2,0,0,16,2,1,1,8,0,0,0,1
256,8,4,0,2,0,1,16,2,2,4,4,4,1,0,0
256,8,4,0,2,1,0,16,2,1,1,8,0,0,0,1
256,8,4,0,2,1,1,16,2,2,4,4,4,1,0,0
256,8,4,0,3,0,0,16,2,1,4,4,0,0,1,0
256,8,4,0,3,0,1,16,2,1,4,4,0,0,1,0
256,8,4,0,3,1,0,16,2,1,4,4,0,0,1,0
256,8,4,0,3,1,1,16,2,1,4,4,0,0,1,0
256,8,4,0,4,0,0,16,2,1,4,4,0,0,1,0
256,8,4,0,4,0,1,16,2,1,4,4,0,0,1,0
256,8,4,0,4,1,0,16,2,1,4,4,0,0,1,0
256,8,4,0,4,1,1,16,2,1,4,4,0,0,1,0
256,8,4,0,5,0,0,16,2,2,2,4,4,1,0,0
256,8,4,0,5,0,1,16,2,2,2,4,4,1,0,0
256,8,4,0,5,1,0,16,2,2,2,4,4,1,0,0
256,8,4,0,5,1,1,16,2,2,2,4,4,1,0,0
256,8,4,0,6,0,0,16,2,1,4,4,0,0,1,0
256,8,4,0,6,0,1,16,2,1,4,4,0,0,1,0
256,8,4,0,6,1,0,16,2,1,4,4,0,0,1,0
256,8,4,0,6,1,1,16,2,1,4,4,0,0,1,0
256,8,4,0,7,0,0,16,2,2,2,4,4,1,0,0
256,8,4,0,7,0,1,16,2,2,2,4,4,1,0,0
256,8,4,0,7,1,0,16,2,2,2,4,4,1,0,0
256,8,4,0,7,1,1,16,2,2,2,4,4,1,0,0
256,8,4,0,8,0,0,16,2,2,4,4,0,0,1,0
256,8,4,0,8,0,1,16,2,2,4,4,0,0,1,0
256,8,4,0,8,1,0,16,2,2,4,4,0,0,1,0
256,8,4,0,8,1,1,16,2,2,4,4,0,0,1,0
256,8,4,1024,1,0,0,16,1,1,1,8,0,0,0,1
256,8,4,1024,1,0,1,16,2,2,2,4,4,1,0,0
256,8,4,1024,1,1,0,16,1,1,1,8,0,0,0,1
256,8,4,1024,1,1,1,16,2,2,2,4,4,1,0,0
256,8,4,1024,2,0,0,16,5,1,1,8,0,0,0,1
256,8,4,1024,2,0,1,16,3,2,4,4,4,1,0,0
256,8,4,1024,2,1,0,16,5,1,1,8,0,0,0,1
256,8,4,1024,2,1,1,16,3,2,4,4,4,1,0,0
256,8,4,1024,3,0,0,16,2,2,4,4,4,1,0,0
256,8,4,1024,3,0,1,16,2,2,4,4,4,1,0,0
256,8,4,1024,3,1,0,16,2,2,4,4,4,1,0,0
256,8,4,1024,3,1,1,16,2,2,4,4,4,1,0,0
256,8,4,1024,4,0,0,16,2,2,4,4,4,1,0,0
256,8,4,1024,4,0,1,16,2,2,4,4,4,1,0,0
256,8,4,1024,4,1,0,16,2,2,4,4,4,1,0,0
256,8,4,1024,4,1,1,16,2,2,4,4,4,1,0,0
256,8,4,1024,5,0,0,16,2,2,4,4,4,1,0,0
256,8,4,1024,5,0,1,16,2,2,4,4,4,1,0,0
256,8,4,1024,5,1,0,16,2,2,4,4,4,1,0,0
256,8,4,1024,5,1,1,16,2,2,4,4,4,1,0,0
256,8,4,1024,6,0,0,16,2,2,1,4,4,1,0,0
256,8,4,1024,6,0,1,16,2,2,1,4,4,1,0,0
256,8,4,1024,6,1,0,16,2,2,1,4,4,1,0,0
256,8,4,1024,6,1,1,16,2,2,1,4,4,1,0,0
256,8,4,1024,7,0,0,16,2,2,4,4,4,1,0,0
256,8,4,1024,7,0,1,16,2,2,4,4,4,1,0,0
256,8,4,1024,7,1,0,16,2,2,4,4,4,1,0,0
256,8,4,1024,7,1,1,16,2,2,4,4,4,1,0,0
256,8,4,1024,8,0,0,16,4,2,4,4,4,1,0,0
256,8,4,1024,8,0,1,16,4,2,4,4,4,1,0,0
256,8,4,1024,8,1,0,16,4,2,4,4,4,1,0,0
256,8,4,1024,8,1,1,16,4,2,4,4,4,1,0,0
256,8,4,4096,1,0,0,16,1,1,1,8,0,0,0,1
256,8,4,4096,1,0,1,16,2,2,4,4,4,1,0,0
256,8,4,4096,1,1,0,16,1,1,1,8,0,0,0,1
256,8,4,4096,1,1,1,16,2,2,4,4,4,1,0,0
256,8,4,4096,2,0,0,16,5,1,1,8,0,0,0,1
256,8,4,4096,2,0,1,16,2,1,2,4,0,0,1,0
256,8,4,4096,2,1,0,16,5,1,1,8,0,0,0,1
256,8,4,4096,2,1,1,16,2,1,2,4,0,0,1,0
256,8,4,4096,3,0,0,16,3,1,2,4,0,0,0,0
256,8,4,4096,3,0,1,16,3,1,2,4,0,0,0,0
256,8,4,4096,3,1,0,16,3,1,2,4,0,0,0,0
256,8,4,4096,3,1,1,16,3,1,2,4,0,0,0,0
256,8,4,4096,4,0,0,16,2,2,4,4,4,1,0,0
256,8,4,4096,4,0,1,16,2,2,4,4,4,1,0,0
256,8,4,4096,4,1,0,16,2,2,4,4,4,1,0,0
256,8,4,4096,4,1,1,16,2,2,4,4,4,1,0,0
256,8,4,4096,5,0,0,16,2,2,4,4,4,1,0,0
256,8,4,4096,5,0,1,16,2,2,4,4,4,1,0,0
256,8,4,4096,5,1,0,16,2,2,4,4,4,1,0,0
256,8,4,4096,5,1,1,16,2,2,4,4,4,1,0,0
256,8,4,4096,6,0,0,16,2,2,1,4,4,1,0,0
256,8,4,4096,6,0,1,16,2,2,1,4,4,1,0,0
256,8,4,4096,6,1,0,16,2,2,1,4,4,1,0,0
256,8,4,4096,6,1,1,16,2,2,1,4,4,1,0,0
256,8,4,4096,7,0,0,16,2,2,2,4,4,1,0,0
256,8,4,4096,7,0,1,16,2,2,2,4,4,1,0,0
256,8,4,4096,7,1,0,16,2,2,2,4,4,1,0,0
256,8,4,4096,7,1,1,16,2,2,2,4,4,1,0,0
256,8,4,4096,8,0,0,16,2,2,1,4,0,0,1,0
256,8,4,4096,8,0,1,16,2,2,1,4,0,0,1,0
256,8,4,4096,8,1,0,16,2,2,1,4,0,0,1,0
256,8,4,4096,8,1,1,16,2,2,1,4,0,0,1,0
256,16,2,0,1,0,0,16,3,2,2,4,0,0,1,0
256,16,2,0,1,0,0,1056,3,2,2,4,0,0,1,0
256,16,2,0,1,0,1,16,3,2,2,4,0,0,1,0
256,16,2,0,1,0,1,1056,3,2,2,4,0,0,1,0
256,16,2,0,1,1,0,16,3,2,2,4,0,0,1,0
256,16,2,0,1,1,0,1056,3,2,2,4,0,0,1,0
256,16,2,0,1,1,1,16,3,2,2,4,0,0,1,0
256,16,2,0,1,1,1,1056,3,2,2,4,0,0,1,0
256,16,2,0,2,0,0,16,3,2,4,4,0,0,1,0
256,16,2,0,2,0,0,1056,3,2,4,4,0,0,1,0
256,16,2,0,2,0,1,16,3,2,4,4,0,0,1,0
256,16,2,0,2,0,1,1056,3,2,4,4,0,0,1,0
256,16,2,0,2,1,0,16,3,2,4,4,0,0,1,0
256,16,2,0,2,1,0,1056,3,2,4,4,0,0,1,0
256,16,2,0,2,1,1,16,3,2,4,4,0,0,1,0
256,16,2,0,2,1,1,1056,3,2,4,4,0,0,1,0
256,16,2,0,3,0,0,16,5,2,1,8,4,0,1,0
256,16,2,0,3,0,0,1056,5,2,1,8,4,0,1,0
256,16,2,0,3,0,1,16,5,2,1,8,4,0,1,0
256,16,2,0,3,0,1,1056,5,2,1,8,4,0,1,0
256,16,2,0,3,1,0,16,5,2,1,8,4,0,1,0
256,16,2,0,3,1,0,1056,5,2,1,8,4,0,1,0
256,16,2,0,3,1,1,16,5,2,1,8,4,0,1,0
256,16,2,0,3,1,1,1056,5,2,1,8,4,0,1,0
256,16,2,0,4,0,0,16,8,2,1,4,2,0,0,0
256,16,2,0,4,0,0,1056,8,2,1,4,2,0,0,0
256,16,2,0,4,0,1,16,8,2,1,4,2,0,0,0
256,16,2,0,4,0,1,1056,8,2,1,4,2,0,0,0
256,16,2,0,4,1,0,16,8,2,1,4,2,0,0,0
256,16,2,0,4,1,0,1056,8,2,1,4,2,0,0,0
256,16,2,0,4,1,1,16,8,2,1,4,2,0,0,0
256,16,2,0,4,1,1,1056,8,2,1,4,2,0,0,0
256,16,2,0,5,0,0,16,5,4,4,4,0,0,1,0
256,16,2,0,5,0,0,1056,5,4,4,4,0,0,1,0
256,16,2,0,5,0,1,16,5,4,4,4,0,0,1,0
256,16,2,0,5,0,1,1056,5,4,4,4,0,0,1,0
256,16,2,0,5,1,0,16,5,4,4,4,0,0,1,0
256,16,2,0,5,1,0,1056,5,4,4,4,0,0,1,0
256,16,2,0,5,1,1,16,5,4,4,4,0,0,1,0
256,16,2,0,5,1,1,1056,5,4,4,4,0,0,1,0
256,16,2,0,6,0,0,16,3,3,4,4,0,0,1,0
256,16,2,0,6,0,0,1056,3,3,4,4,0,0,1,0
256,16,2,0,6,0,1,16,3,3,4,4,0,0,1,0
256,16,2,0,6,0,1,1056,3,3,4,4,0,0,1,0
256,16,2,0,6,1,0,16,3,3,4,4,0,0,1,0
256,16,2,0,6,1,0,1056,3,3,4,4,0,0,1,0
256,16,2,0,6,1,1,16,3,3,4,4,0,0,1,0
256,16,2,0,6,1,1,1056,3,3,4,4,0,0,1,0
256,16,2,0,7,0,0,16,5,4,2,4,0,0,0,0
256,16,2,0,7,0,0,1056,5,4,2,4,0,0,0,0
256,16,2,0,7,0,1,16,5,4,2,4,0,0,0,0
256,16,2,0,7,0,1,1056,5,4,2,4,0,0,0,0
256,16,2,0,7,1,0,16,5,4,2,4,0,0,0,0
256,16,2,0,7,1,0,1056,5,4,2,4,0,0,0,0
256,16,2,0,7,1,1,16,5,4,2,4,0,0,0,0
256,16,2,0,7,1,1,1056,5,4,2,4,0,0,0,0
256,16,2,0,8,0,0,16,5,4,1,4,0,0,0,0
256,16,2,0,8,0,0,1056,5,4,1,4,0,0,0,0
256,16,2,0,8,0,1,16,5,4,1,4,0,0,0,0
256,16,2,0,8,0,1,1056,5,4,1,4,0,0,0,0
256,16,2,0,8,1,0,16,5,4,1,4,0,0,0,0
256,16,2,0,8,1,0,1056,5,4,1,4,0,0,0,0
256,16,2,0,8,1,1,16,5,4,1,4,0,0,0,0
256,16,2,0,8,1,1,1056,5,4,1,4,0,0,0,0
256,16,4,0,1,0,0,16,3,1,1,4,0,0,0,1
256,16,4,0,1,0,0,528,3,1,1,4,0,0,0,1
256,16,4,0,1,0,1,16,2,1,4,4,0,0,1,0
256,16,4,0,1,0,1,528,2,1,4,4,0,0,1,0
256,16,4,0,1,1,0,16,3,1,1,4,0,0,0,1
256,16,4,0,1,1,0,528,3,1,1,4,0,0,0,1
256,16,4,0,1,1,1,16,2,1,4,4,0,0,1,0
256,16,4,0,1,1,1,528,2,1,4,4,0,0,1,0
256,16,4,0,2,0,0,16,2,1,4,4,0,0,1,0
256,16,4,0,2,0,0,528,2,1,4,4,0,0,1,0
256,16,4,0,2,0,1,16,2,1,4,4,0,0,1,0
256,16,4,0,2,0,1,528,2,1,4,4,0,0,1,0
256,16,4,0,2,1,0,16,2,1,4,4,0,0,1,0
256,16,4,0,2,1,0,528,2,1,4,4,0,0,1,0
256,16,4,0,2,1,1,16,2,1,4,4,0,0,1,0
256,16,4,0,2,1,1,528,2,1,4,4,0,0,1,0
256,16,4,0,3,0,0,16,2,1,4,4,0,0,1,0
256,16,4,0,3,0,0,528,2,1,4,4,0,0,1,0
256,16,4,0,3,0,1,16,2,1,4,4,0,0,1,0
256,16,4,0,3,0,1,528,2,1,4,4,0,0,1,0
256,16,4,0,3,1,0,16,2,1,4,4,0,0,1,0
256,16,4,0,3,1,0,528,2,1,4,4,0,0,1,0
256,16,4,0,3,1,1,16,2,1,4,4,0,0,1,0
256,16,4,0,3,1,1,528,2,1,4,4,0,0,1,0
256,16,4,0,4,0,0,16,2,1,4,4,0,0,1,0
256,16,4,0,4,0,0,528,2,1,4,4,0,0,1,0
256,16,4,0,4,0,1,16,2,1,4,4,0,0,1,0
256,16,4,0,4,0,1,528,2,1,4,4,0,0,1,0
256,16,4,0,4,1,0,16,2,1,4,4,0,0,1,0
256,16,4,0,4,1,0,528,2,1,4,4,0,0,1,0
256,16,4,0,4,1,1,16,2,1,4,4,0,0,1,0
256,16,4,0,4,1,1,528,2,1,4,4,0,0,1,0
256,16,4,0,5,0,0,16,2,2,1,4,4,1,0,0
256,16,4,0,5,0,0,528,2,2,1,4,4,1,0,0
256,16,4,0,5,0,1,16,2,2,1,4,4,1,0,0
256,16,4,0,5,0,1,528,2,2,1,4,4,1,0,0
256,16,4,0,5,1,0,16,2,2,1,4,4,1,0,0
256,16,4,0,5,1,0,528,2,2,1,4,4,1,0,0
256,16,4,0,5,1,1,16,2,2,1,4,4,1,0,0
256,16,4,0,5,1,1,528,2,2,1,4,4,1,0,0
256,16,4,0,6,0,0,16,2,4,4,4,0,0,1,0
256,16,4,0,6,0,0,528,2,4,4,4,0,0,1,0
256,16,4,0,6,0,1,16,2,4,4,4,0,0,1,0
256,16,4,0,6,0,1,528,2,4,4,4,0,0,1,0
256,16,4,0,6,1,0,16,2,4,4,4,0,0,1,0
256,16,4,0,6,1,0,528,2,4,4,4,0,0,1,0
256,16,4,0,6,1,1,16,2,4,4,4,0,0,1,0
256,16,4,0,6,1,1,528,2,4,4,4,0,0,1,0
256,16,4,0,7,0,0,16,2,2,1,8,4,1,0,0
256,16,4,0,7,0,0,528,2,2,1,8,4,1,0,0
256,16,4,0,7,0,1,16,2,2,1,8,4,1,0,0
256,16,4,0,7,0,1,528,2,2,1,8,4,1,0,0
256,16,4,0,7,1,0,16,2,2,1,8,4,1,0,0
256,16,4,0,7,1,0,528,2,2,1,8,4,1,0,0
256,16,4,0,7,1,1,16,2,2,1,8,4,1,0,0
256,16,4,0,7,1,1,528,2,2,1,8,4,1,0,0
256,16,4,0,8,0,0,16,2,4,4,4,0,0,1,0
256,16,4,0,8,0,0,528,2,4,4,4,0,0,1,0
256,16,4,0,8,0,1,16,2,4,4,4,0,0,1,0
256,16,4,0,8,0,1,528,2,4,4,4,0,0,1,0
256,16,4,0,8,1,0,16,2,4,4,4,0,0,1,0
256,16,4,0,8,1,0,528,2,4,4,4,0,0,1,0
256,16,4,0,8,1,1,16,2,4,4,4,0,0,1,0
256,16,4,0,8,1,1,528,2,4,4,4,0,0,1,0
256,16,8,0,1,0,0,16,1,1,1,4,0,0,1,0
256,16,8,0,1,0,1,16,1,1,1,4,0,0,1,0
256,16,8,0,1,1,0,16,1,1,1,4,0,0,1,0
256,16,8,0,1,1,1,16,1,1,1,4,0,0,1,0
256,16,8,0,2,0,0,16,1,1,1,4,0,0,1,0
256,16,8,0,2,0,1,16,1,1,1,4,0,0,1,0
256,16,8,0,2,1,0,16,1,1,1,4,0,0,1,0
256,16,8,0,2,1,1,16,1,1,1,4,0,0,1,0
256,16,8,0,3,0,0,16,1,1,1,4,0,0,1,0
256,16,8,0,3,0,1,16,1,1,1,4,0,0,1,0
256,16,8,0,3,1,0,16,1,1,1,4,0,0,1,0
256,16,8,0,3,1,1,16,1,1,1,4,0,0,1,0
256,16,8,0,4,0,0,16,1,1,1,4,0,0,1,0
256,16,8,0,4,0,1,16,1,1,1,4,0,0,1,0
256,16,8,0,4,1,0,16,1,1,1,4,0,0,1,0
256,16,8,0,4,1,1,16,1,1,1,4,0,0,1,0
256,16,8,0,5,0,0,16,1,1,1,4,0,0,1,0
256,16,8,0,5,0,1,16,1,1,1,4,0,0,1,0
256,16,8,0,5,1,0,16,1,1,1,4,0,0,1,0
256,16,8,0,5,1,1,16,1,1,1,4,0,0,1,0
256,16,8,0,6,0,0,16,1,1,1,4,0,0,1,0
256,16,8,0,6,0,1,16,1,1,1,4,0,0,1,0
256,16,8,0,6,1,0,16,1,1,1,4,0,0,1,0
256,16,8,0,6,1,1,16,1,1,1,4,0,0,1,0
256,16,8,0,7,0,0,16,1,1,1,4,0,0,1,0
256,16,8,0,7,0,1,16,1,1,1,4,0,0,1,0
256,16,8,0,7,1,0,16,1,1,1,4,0,0,1,0
256,16,8,0,7,1,1,16,1,1,1,4,0,0,1,0
256,16,8,0,8,0,0,16,1,1,1,4,0,0,1,0
256,16,8,0,8,0,1,16,1,1,1,4,0,0,1,0
256,16,8,0,8,1,0,16,1,1,1,4,0,0,1,0
256,16,8,0,8,1,1,16,1,1,1,4,0,0,1,0
256,16,8,1024,1,0,0,16,1,1,2,4,0,0,0,1
256,16,8,1024,1,0,1,16,1,2,1,4,4,1,0,0
256,16,8,1024,1,1,0,16,1,1,2,4,0,0,0,1
256,16,8,1024,1,1,1,16,1,2,1,4,4,1,0,0
256,16,8,1024,2,0,0,16,1,2,1,4,0,0,1,0
256,16,8,1024,2,0,1,16,1,2,1,4,0,0,1,0
256,16,8,1024,2,1,0,16,1,2,1,4,0,0,1,0
256,16,8,1024,2,1,1,16,1,2,1,4,0,0,1,0
256,16,8,1024,3,0,0,16,1,2,1,4,4,1,0,0
256,16,8,1024,3,0,1,16,1,2,1,4,4,1,0,0
256,16,8,1024,3,1,0,16,1,2,1,4,4,1,0,0
256,16,8,1024,3,1,1,16,1,2,1,4,4,1,0,0
256,16,8,1024,4,0,0,16,1,1,1,4,4,1,0,0
256,16,8,1024,4,0,1,16,1,1,1,4,4,1,0,0
256,16,8,1024,4,1,0,16,1,1,1,4,4,1,0,0
256,16,8,1024,4,1,1,16,1,1,1,4,4,1,0,0
256,16,8,1024,5,0,0,16,1,2,1,4,4,1,0,0
256,16,8,1024,5,0,1,16,1,2,1,4,4,1,0,0
256,16,8,1024,5,1,0,16,1,2,1,4,4,1,0,0
256,16,8,1024,5,1,1,16,1,2,1,4,4,1,0,0
256,16,8,1024,6,0,0,16,1,2,1,4,4,1,0,0
256,16,8,1024,6,0,1,16,1,2,1,4,4,1,0,0
256,16,8,1024,6,1,0,16,1,2,1,4,4,1,0,0
256,16,8,1024,6,1,1,16,1,2,1,4,4,1,0,0
256,16,8,1024,7,0,0,16,1,2,1,4,4,1,0,0
256,16,8,1024,7,0,1,16,1,2,1,4,4,1,0,0
256,16,8,1024,7,1,0,16,1,2,1,4,4,1,0,0
256,16,8,1024,7,1,1,16,1,2,1,4,4,1,0,0
256,16,8,1024,8,0,0,16,1,2,1,4,4,1,0,0
256,16,8,1024,8,0,1,16,1,2,1,4,4,1,0,0
256,16,8,1024,8,1,0,16,1,2,1,4,4,1,0,0
256,16,8,1024,8,1,1,16,1,2,1,4,4,1,0,0
256,24,4,0,1,0,0,16,5,1,1,4,0,0,0,1
256,24,4,0,1,0,0,784,5,1,1,4,0,0,0,1
256,24,4,0,1,0,1,16,2,1,2,4,0,0,1,0
256,24,4,0,1,0,1,784,2,1,2,4,0,0,1,0
256,24,4,0,1,1,0,16,5,1,1,4,0,0,0,1
256,24,4,0,1,1,0,784,5,1,1,4,0,0,0,1
256,24,4,0,1,1,1,16,2,1,2,4,0,0,1,0
256,24,4,0,1,1,1,784,2,1,2,4,0,0,1,0
256,24,4,0,2,0,0,16,2,2,1,4,4,1,0,0
256,24,4,0,2,0,0,784,2,2,1,4,4,1,0,0
256,24,4,0,2,0,1,16,2,2,1,4,4,1,0,0
256,24,4,0,2,0,1,784,2,2,1,4,4,1,0,0
256,24,4,0,2,1,0,16,2,2,1,4,4,1,0,0
256,24,4,0,2,1,0,784,2,2,1,4,4,1,0,0
256,24,4,0,2,1,1,16,2,2,1,4,4,1,0,0
256,24,4,0,2,1,1,784,2,2,1,4,4,1,0,0
256,24,4,0,3,0,0,16,2,2,1,4,4,1,0,0
256,24,4,0,3,0,0,784,2,2,1,4,4,1,0,0
256,24,4,0,3,0,1,16,2,2,1,4,4,1,0,0
256,24,4,0,3,0,1,784,2,2,1,4,4,1,0,0
256,24,4,0,3,1,0,16,2,2,1,4,4,1,0,0
256,24,4,0,3,1,0,784,2,2,1,4,4,1,0,0
256,24,4,0,3,1,1,16,2,2,1,4,4,1,0,0
256,24,4,0,3,1,1,784,2,2,1,4,4,1,0,0
256,24,4,0,4,0,0,16,4,2,4,2,0,0,1,0
256,24,4,0,4,0,0,784,4,2,4,2,0,0,1,0
256,24,4,0,4,0,1,16,4,2,4,2,0,0,1,0
256,24,4,0,4,0,1,784,4,2,4,2,0,0,1,0
256,24,4,0,4,1,0,16,4,2,4,2,0,0,1,0
256,24,4,0,4,1,0,784,4,2,4,2,0,0,1,0
256,24,4,0,4,1,1,16,4,2,4,2,0,0,1,0
256,24,4,0,4,1,1,784,4,2,4,2,0,0,1,0
256,24,4,0,5,0,0,16,5,2,1,4,0,0,0,0
256,24,4,0,5,0,0,784,5,2,1,4,0,0,0,0
256,24,4,0,5,0,1,16,5,2,1,4,0,0,0,0
256,24,4,0,5,0,1,784,5,2,1,4,0,0,0,0
256,24,4,0,5,1,0,16,5,2,1,4,0,0,0,0
256,24,4,0,5,1,0,784,5,2,1,4,0,0,0,0
256,24,4,0,5,1,1,16,5,2,1,4,0,0,0,0
256,24,4,0,5,1,1,784,5,2,1,4,0,0,0,0
256,24,4,0,6,0,0,16,3,3,4,4,0,0,0,0
256,24,4,0,6,0,0,784,3,3,4,4,0,0,0,0
256,24,4,0,6,0,1,16,3,3,4,4,0,0,0,0
256,24,4,0,6,0,1,784,3,3,4,4,0,0,0,0
256,24,4,0,6,1,0,16,3,3,4,4,0,0,0,0
256,24,4,0,6,1,0,784,3,3,4,4,0,0,0,0
256,24,4,0,6,1,1,16,3,3,4,4,0,0,0,0
256,24,4,0,6,1,1,784,3,3,4,4,0,0,0,0
256,24,4,0,7,0,0,16,3,3,1,4,0,0,0,0
256,24,4,0,7,0,0,784,3,3,1,4,0,0,0,0
256,24,4,0,7,0,1,16,3,3,1,4,0,0,0,0
256,24,4,0,7,0,1,784,3,3,1,4,0,0,0,0
256,24,4,0,7,1,0,16,3,3,1,4,0,0,0,0
256,24,4,0,7,1,0,784,3,3,1,4,0,0,0,0
256,24,4,0,7,1,1,16,3,3,1,4,0,0,0,0
256,24,4,0,7,1,1,784,3,3,1,4,0,0,0,0
256,24,4,0,8,0,0,16,3,3,4,4,0,0,0,0
256,24,4,0,8,0,0,784,3,3,4,4,0,0,0,0
256,24,4,0,8,0,1,16,3,3,4,4,0,0,0,0
256,24,4,0,8,0,1,784,3,3,4,4,0,0,0,0
256,24,4,0,8,1,0,16,3,3,4,4,0,0,0,0
256,24,4,0,8,1,0,784,3,3,4,4,0,0,0,0
256,24,4,0,8,1,1,16,3,3,4,4,0,0,0,0
256,24,4,0,8,1,1,784,3,3,4,4,0,0,0,0
256,32,16,1024,1,0,0,16,1,1,1,4,4,0,0,0
256,32,16,1024,1,0,1,16,1,1,1,4,4,0,0,0
256,32,16,1024,1,1,0,16,1,1,1,4,4,0,0,0
256,32,16,1024,1,1,1,16,1,1,1,4,4,0,0,0
256,32,16,1024,2,0,0,16,1,1,2,4,4,0,0,0
256,32,16,1024,2,0,1,16,1,1,2,4,4,0,0,0
256,32,16,1024,2,1,0,16,1,1,2,4,4,0,0,0
256,32,16,1024,2,1,1,16,1,1,2,4,4,0,0,0
256,32,16,1024,3,0,0,16,1,1,1,4,4,0,0,0
256,32,16,1024,3,0,1,16,1,1,1,4,4,0,0,0
256,32,16,1024,3,1,0,16,1,1,1,4,4,0,0,0
256,32,16,1024,3,1,1,16,1,1,1,4,4,0,0,0
256,32,16,1024,4,0,0,16,1,1,2,2,0,0,1,0
256,32,16,1024,4,0,1,16,1,1,2,2,0,0,1,0
256,32,16,1024,4,1,0,16,1,1,2,2,0,0,1,0
256,32,16,1024,4,1,1,16,1,1,2,2,0,0,1,0
256,32,16,1024,5,0,0,16,1,1,1,4,4,0,0,0
256,32,16,1024,5,0,1,16,1,1,1,4,4,0,0,0
256,32,16,1024,5,1,0,16,1,1,1,4,4,0,0,0
256,32,16,1024,5,1,1,16,1,1,1,4,4,0,0,0
256,32,16,1024,6,0,0,16,1,1,1,4,4,0,0,0
256,32,16,1024,6,0,1,16,1,1,1,4,4,0,0,0
256,32,16,1024,6,1,0,16,1,1,1,4,4,0,0,0
256,32,16,1024,6,1,1,16,1,1,1,4,4,0,0,0
256,32,16,1024,7,0,0,16,1,1,1,4,4,0,0,0
256,32,16,1024,7,0,1,16,1,1,1,4,4,0,0,0
256,32,16,1024,7,1,0,16,1,1,1,4,4,0,0,0
256,32,16,1024,7,1,1,16,1,1,1,4,4,0,0,0
256,32,16,1024,8,0,0,16,1,1,1,4,4,0,0,0
256,32,16,1024,8,0,1,16,1,1,1,4,4,0,0,0
256,32,16,1024,8,1,0,16,1,1,1,4,4,0,0,0
256,32,16,1024,8,1,1,16,1,1,1,4,4,0,0,0
512,8,1,0,1,0,0,16,5,1,1,8,0,0,0,1
512,8,1,0,1,0,1,16,8,1,2,4,0,0,1,0
512,8,1,0,1,1,0,16,5,1,1,8,0,0,0,1
512,8,1,0,1,1,1,16,8,1,2,4,0,0,1,0
512,8,1,0,2,0,0,16,5,1,1,8,0,0,0,1
512,8,1,0,2,0,1,16,8,2,1,8,0,0,0,0
512,8,1,0,2,1,0,16,5,1,1,8,0,0,0,1
512,8,1,0,2,1,1,16,8,2,1,8,0,0,0,0
512,8,1,0,3,0,0,16,8,2,1,8,0,0,0,0
512,8,1,0,3,0,1,16,8,2,1,8,0,0,0,0
512,8,1,0,3,1,0,16,8,2,1,8,0,0,0,0
512,8,1,0,3,1,1,16,8,2,1,8,0,0,0,0
512,8,1,0,4,0,0,16,8,2,1,8,0,0,0,0
512,8,1,0,4,0,1,16,8,2,1,8,0,0,0,0
512,8,1,0,4,1,0,16,8,2,1,8,0,0,0,0
512,8,1,0,4,1,1,16,8,2,1,8,0,0,0,0
512,8,1,0,5,0,0,16,8,4,1,8,0,0,0,0
512,8,1,0,5,0,1,16,8,4,1,8,0,0,0,0
512,8,1,0,5,1,0,16,8,4,1,8,0,0,0,0
512,8,1,0,5,1,1,16,8,4,1,8,0,0,0,0
512,8,1,0,6,0,0,16,8,4,1,8,0,0,0,0
512,8,1,0,6,0,1,16,8,4,1,8,0,0,0,0
512,8,1,0,6,1,0,16,8,4,1,8,0,0,0,0
512,8,1,0,6,1,1,16,8,4,1,8,0,0,0,0
512,8,1,0,7,0,0,16,8,4,1,8,0,0,0,0
512,8,1,0,7,0,1,16,8,4,1,8,0,0,0,0
512,8,1,0,7,1,0,16,8,4,1,8,0,0,0,0
512,8,1,0,7,1,1,16,8,4,1,8,0,0,0,0
512,8,1,0,8,0,0,16,8,4,1,8,0,0,0,0
512,8,1,0,8,0,1,16,8,4,1,8,0,0,0,0
512,8,1,0,8,1,0,16,8,4,1,8,0,0,0,0
512,8,1,0,8,1,1,16,8,4,1,8,0,0,0,0
512,8,2,0,1,0,0,16,5,1,1,4,0,0,0,1
512,8,2,0,1,0,1,16,8,1,2,4,0,0,0,0
512,8,2,0,1,1,0,16,5,1,1,4,0,0,0,1
512,8,2,0,1,1,1,16,8,1,2,4,0,0,0,0
512,8,2,0,2,0,0,16,2,1,1,8,0,0,0,1
512,8,2,0,2,0,1,16,4,2,2,4,0,0,1,0
512,8,2,0,2,1,0,16,2,1,1,8,0,0,0,1
512,8,2,0,2,1,1,16,4,2,2,4,0,0,1,0
512,8,2,0,3,0,0,16,4,2,2,8,8,1,0,0
512,8,2,0,3,0,1,16,4,2,2,8,8,1,0,0
512,8,2,0,3,1,0,16,4,2,2,8,8,1,0,0
512,8,2,0,3,1,1,16,4,2,2,8,8,1,0,0
512,8,2,0,4,0,0,16,4,2,2,4,0,0,1,0
512,8,2,0,4,0,1,16,4,2,2,4,0,0,1,0
512,8,2,0,4,1,0,16,4,2,2,4,0,0,1,0
512,8,2,0,4,1,1,16,4,2,2,4,0,0,1,0
512,8,2,0,5,0,0,16,4,2,1,4,0,0,1,0
512,8,2,0,5,0,1,16,4,2,1,4,0,0,1,0
512,8,2,0,5,1,0,16,4,2,1,4,0,0,1,0
512,8,2,0,5,1,1,16,4,2,1,4,0,0,1,0
512,8,2,0,6,0,0,16,4,2,1,4,0,0,1,0
512,8,2,0,6,0,1,16,4,2,1,4,0,0,1,0
512,8,2,0,6,1,0,16,4,2,1,4,0,0,1,0
512,8,2,0,6,1,1,16,4,2,1,4,0,0,1,0
512,8,2,0,7,0,0,16,4,2,1,4,0,0,1,0
512,8,2,0,7,0,1,16,4,2,1,4,0,0,1,0
512,8,2,0,7,1,0,16,4,2,1,4,0,0,1,0
512,8,2,0,7,1,1,16,4,2,1,4,0,0,1,0
512,8,2,0,8,0,0,16,5,2,2,4,0,0,1,0
512,8,2,0,8,0,1,16,5,2,2,4,0,0,1,0
512,8,2,0,8,1,0,16,5,2,2,4,0,0,1,0
512,8,2,0,8,1,1,16,5,2,2,4,0,0,1,0
512,16,1,0,1,0,0,16,8,2,1,4,0,0,1,0
512,16,1,0,1,0,1,16,8,2,1,4,0,0,1,0
512,16,1,0,1,1,0,16,8,2,1,4,0,0,1,0
512,16,1,0,1,1,1,16,8,2,1,4,0,0,1,0
512,16,1,0,2,0,0,16,8,2,1,8,0,0,0,0
512,16,1,0,2,0,1,16,8,2,1,8,0,0,0,0
512,16,1,0,2,1,0,16,8,2,1,8,0,0,0,0
512,16,1,0,2,1,1,16,8,2,1,8,0,0,0,0
512,16,1,0,3,0,0,16,8,4,1,8,0,0,0,0
512,16,1,0,3,0,1,16,8,4,1,8,0,0,0,0
512,16,1,0,3,1,0,16,8,4,1,8,0,0,0,0
512,16,1,0,3,1,1,16,8,4,1,8,0,0,0,0
512,16,1,0,4,0,0,16,8,4,1,8,0,0,0,0
512,16,1,0,4,0,1,16,8,4,1,8,0,0,0,0
512,16,1,0,4,1,0,16,8,4,1,8,0,0,0,0
512,16,1,0,4,1,1,16,8,4,1,8,0,0,0,0
512,16,1,0,5,0,0,16,8,5,1,8,0,0,0,0
512,16,1,0,5,0,1,16,8,5,1,8,0,0,0,0
512,16,1,0,5,1,0,16,8,5,1,8,0,0,0,0
512,16,1,0,5,1,1,16,8,5,1,8,0,0,0,0
512,16,1,0,6,0,0,16,8,6,2,4,0,0,0,0
512,16,1,0,6,0,1,16,8,6,2,4,0,0,0,0
512,16,1,0,6,1,0,16,8,6,2,4,0,0,0,0
512,16,1,0,6,1,1,16,8,6,2,4,0,0,0,0
512,16,1,0,7,0,0,16,8,7,2,4,0,0,0,0
512,16,1,0,7,0,1,16,8,7,2,4,0,0,0,0
512,16,1,0,7,1,0,16,8,7,2,4,0,0,0,0
512,16,1,0,7,1,1,16,8,7,2,4,0,0,0,0
512,16,1,0,8,0,0,16,5,8,1,8,0,0,0,0
512,16,1,0,8,0,1,16,5,8,1,8,0,0,0,0
512,16,1,0,8,1,0,16,5,8,1,8,0,0,0,0
512,16,1,0,8,1,1,16,5,8,1,8,0,0,0,0
512,16,2,0,1,0,0,16,4,1,2,4,0,0,1,0
512,16,2,0,1,0,0,32,4,1,2,4,0,0,1,0
512,16,2,0,1,0,1,16,4,1,2,4,0,0,1,0
512,16,2,0,1,0,1,32,4,1,2,4,0,0,1,0
512,16,2,0,1,1,0,16,4,1,2,4,0,0,1,0
512,16,2,0,1,1,0,32,4,1,2,4,0,0,1,0
512,16,2,0,1,1,1,16,4,1,2,4,0,0,1,0
512,16,2,0,1,1,1,32,4,1,2,4,0,0,1,0
512,16,2,0,2,0,0,16,4,2,1,4,0,0,1,0
512,16,2,0,2,0,0,32,4,2,1,4,0,0,1,0
512,16,2,0,2,0,1,16,4,2,1,4,0,0,1,0
512,16,2,0,2,0,1,32,4,2,1,4,0,0,1,0
512,16,2,0,2,1,0,16,4,2,1,4,0,0,1,0
512,16,2,0,2,1,0,32,4,2,1,4,0,0,1,0
512,16,2,0,2,1,1,16,4,2,1,4,0,0,1,0
512,16,2,0,2,1,1,32,4,2,1,4,0,0,1,0
512,16,2,0,3,0,0,16,4,2,2,4,0,0,1,0
512,16,2,0,3,0,0,32,4,2,2,4,0,0,1,0
512,16,2,0,3,0,1,16,4,2,2,4,0,0,1,0
512,16,2,0,3,0,1,32,4,2,2,4,0,0,1,0
512,16,2,0,3,1,0,16,4,2,2,4,0,0,1,0
512,16,2,0,3,1,0,32,4,2,2,4,0,0,1,0
512,16,2,0,3,1,1,16,4,2,2,4,0,0,1,0
512,16,2,0,3,1,1,32,4,2,2,4,0,0,1,0
512,16,2,0,4,0,0,16,4,2,1,4,0,0,1,0
512,16,2,0,4,0,0,32,4,2,1,4,0,0,1,0
512,16,2,0,4,0,1,16,4,2,1,4,0,0,1,0
512,16,2,0,4,0,1,32,4,2,1,4,0,0,1,0
512,16,2,0,4,1,0,16,4,2,1,4,0,0,1,0
512,16,2,0,4,1,0,32,4,2,1,4,0,0,1,0
512,16,2,0,4,1,1,16,4,2,1,4,0,0,1,0
512,16,2,0,4,1,1,32,4,2,1,4,0,0,1,0
512,16,2,0,5,0,0,16,5,4,1,4,0,0,1,0
512,16,2,0,5,0,0,32,5,4,1,4,0,0,1,0
512,16,2,0,5,0,1,16,5,4,1,4,0,0,1,0
512,16,2,0,5,0,1,32,5,4,1,4,0,0,1,0
512,16,2,0,5,1,0,16,5,4,1,4,0,0,1,0
512,16,2,0,5,1,0,32,5,4,1,4,0,0,1,0
512,16,2,0,5,1,1,16,5,4,1,4,0,0,1,0
512,16,2,0,5,1,1,32,5,4,1,4,0,0,1,0
512,16,2,0,6,0,0,16,5,4,1,4,0,0,1,0
512,16,2,0,6,0,0,32,5,4,1,4,0,0,1,0
512,16,2,0,6,0,1,16,5,4,1,4,0,0,1,0
512,16,2,0,6,0,1,32,5,4,1,4,0,0,1,0
512,16,2,0,6,1,0,16,5,4,1,4,0,0,1,0
512,16,2,0,6,1,0,32,5,4,1,4,0,0,1,0
512,16,2,0,6,1,1,16,5,4,1,4,0,0,1,0
512,16,2,0,6,1,1,32,5,4,1,4,0,0,1,0
512,16,2,0,7,0,0,16,5,4,2,8,0,0,0,0
512,16,2,0,7,0,0,32,5,4,2,8,0,0,0,0
512,16,2,0,7,0,1,16,5,4,2,8,0,0,0,0
512,16,2,0,7,0,1,32,5,4,2,8,0,0,0,0
512,16,2,0,7,1,0,16,5,4,2,8,0,0,0,0
512,16,2,0,7,1,0,32,5,4,2,8,0,0,0,0
512,16,2,0,7,1,1,16,5,4,2,8,0,0,0,0
512,16,2,0,7,1,1,32,5,4,2,8,0,0,0,0
512,16,2,0,8,0,0,16,5,4,2,8,0,0,0,0
512,16,2,0,8,0,0,32,5,4,2,8,0,0,0,0
512,16,2,0,8,0,1,16,5,4,2,8,0,0,0,0
512,16,2,0,8,0,1,32,5,4,2,8,0,0,0,0
512,16,2,0,8,1,0,16,5,4,2,8,0,0,0,0
512,16,2,0,8,1,0,32,5,4,2,8,0,0,0,0
512,16,2,0,8,1,1,16,5,4,2,8,0,0,0,0
512,16,2,0,8,1,1,32,5,4,2,8,0,0,0,0
512,32,4,0,1,0,0,16,4,1,2,4,0,0,0,0
512,32,4,0,1,0,0,32,4,1,2,4,0,0,0,0
512,32,4,0,1,0,1,16,4,1,2,4,0,0,0,0
512,32,4,0,1,0,1,32,4,1,2,4,0,0,0,0
512,32,4,0,1,1,0,16,4,1,2,4,0,0,0,0
512,32,4,0,1,1,0,32,4,1,2,4,0,0,0,0
512,32,4,0,1,1,1,16,4,1,2,4,0,0,0,0
512,32,4,0,1,1,1,32,4,1,2,4,0,0,0,0
512,32,4,0,2,0,0,16,2,2,1,4,0,0,1,0
512,32,4,0,2,0,0,32,2,2,1,4,0,0,1,0
512,32,4,0,2,0,1,16,2,2,1,4,0,0,1,0
512,32,4,0,2,0,1,32,2,2,1,4,0,0,1,0
512,32,4,0,2,1,0,16,2,2,1,4,0,0,1,0
512,32,4,0,2,1,0,32,2,2,1,4,0,0,1,0
512,32,4,0,2,1,1,16,2,2,1,4,0,0,1,0
512,32,4,0,2,1,1,32,2,2,1,4,0,0,1,0
512,32,4,0,3,0,0,16,2,2,2,8,0,0,0,0
512,32,4,0,3,0,0,32,2,2,2,8,0,0,0,0
512,32,4,0,3,0,1,16,2,2,2,8,0,0,0,0
512,32,4,0,3,0,1,32,2,2,2,8,0,0,0,0
512,32,4,0,3,1,0,16,2,2,2,8,0,0,0,0
512,32,4,0,3,1,0,32,2,2,2,8,0,0,0,0
512,32,4,0,3,1,1,16,2,2,2,8,0,0,0,0
512,32,4,0,3,1,1,32,2,2,2,8,0,0,0,0
512,32,4,0,4,0,0,16,2,2,2,8,0,0,0,0
512,32,4,0,4,0,0,32,2,2,2,8,0,0,0,0
512,32,4,0,4,0,1,16,2,2,2,8,0,0,0,0
512,32,4,0,4,0,1,32,2,2,2,8,0,0,0,0
512,32,4,0,4,1,0,16,2,2,2,8,0,0,0,0
512,32,4,0,4,1,0,32,2,2,2,8,0,0,0,0
512,32,4,0,4,1,1,16,2,2,2,8,0,0,0,0
512,32,4,0,4,1,1,32,2,2,2,8,0,0,0,0
512,32,4,0,5,0,0,16,3,4,4,4,0,0,0,0
512,32,4,0,5,0,0,32,3,4,4,4,0,0,0,0
512,32,4,0,5,0,1,16,3,4,4,4,0,0,0,0
512,32,4,0,5,0,1,32,3,4,4,4,0,0,0,0
512,32,4,0,5,1,0,16,3,4,4,4,0,0,0,0
512,32,4,0,5,1,0,32,3,4,4,4,0,0,0,0
512,32,4,0,5,1,1,16,3,4,4,4,0,0,0,0
512,32,4,0,5,1,1,32,3,4,4,4,0,0,0,0
512,32,4,0,6,0,0,16,3,3,1,4,0,0,0,0
512,32,4,0,6,0,0,32,3,3,1,4,0,0,0,0
512,32,4,0,6,0,1,16,3,3,1,4,0,0,0,0
512,32,4,0,6,0,1,32,3,3,1,4,0,0,0,0
512,32,4,0,6,1,0,16,3,3,1,4,0,0,0,0
512,32,4,0,6,1,0,32,3,3,1,4,0,0,0,0
512,32,4,0,6,1,1,16,3,3,1,4,0,0,0,0
512,32,4,0,6,1,1,32,3,3,1,4,0,0,0,0
512,32,4,0,7,0,0,16,3,4,1,4,0,0,0,0
512,32,4,0,7,0,0,32,3,4,1,4,0,0,0,0
512,32,4,0,7,0,1,16,3,4,1,4,0,0,0,0
512,32,4,0,7,0,1,32,3,4,1,4,0,0,0,0
512,32,4,0,7,1,0,16,3,4,1,4,0,0,0,0
512,32,4,0,7,1,0,32,3,4,1,4,0,0,0,0
512,32,4,0,7,1,1,16,3,4,1,4,0,0,0,0
512,32,4,0,7,1,1,32,3,4,1,4,0,0,0,0
512,32,4,0,8,0,0,16,2,4,4,8,0,0,0,0
512,32,4,0,8,0,0,32,2,4,4,8,0,0,0,0
512,32,4,0,8,0,1,16,2,4,4,8,0,0,0,0
512,32,4,0,8,0,1,32,2,4,4,8,0,0,0,0
512,32,4,0,8,1,0,16,2,4,4,8,0,0,0,0
512,32,4,0,8,1,0,32,2,4,4,8,0,0,0,0
512,32,4,0,8,1,1,16,2,4,4,8,0,0,0,0
512,32,4,0,8,1,1,32,2,4,4,8,0,0,0,0
